State,State_Abbreviation,Month,Violent_Crime_Rate_per_100k
Alabama,AL,01-2022,32.12
Alabama,AL,01-2023,33.75
Alabama,AL,01-2024,27.31
Alabama,AL,01-2025,28.71
Alabama,AL,02-2022,28.09
Alabama,AL,02-2023,29.34
Alabama,AL,02-2024,27.79
Alabama,AL,02-2025,26.7
Alabama,AL,03-2022,31.96
Alabama,AL,03-2023,34.79
Alabama,AL,03-2024,31.76
Alabama,AL,03-2025,29.38
Alabama,AL,04-2022,35.25
Alabama,AL,04-2023,28.89
Alabama,AL,04-2024,29.41
Alabama,AL,04-2025,30.3
Alabama,AL,05-2022,36.97
Alabama,AL,05-2023,40.43
Alabama,AL,05-2024,35.47
Alabama,AL,05-2025,33.15
Alabama,AL,06-2022,35.63
Alabama,AL,06-2023,34.67
Alabama,AL,06-2024,33.57
Alabama,AL,06-2025,29.85
Alabama,AL,07-2022,35.72
Alabama,AL,07-2023,38.88
Alabama,AL,07-2024,36.55
Alabama,AL,07-2025,33.16
Alabama,AL,08-2022,33.25
Alabama,AL,08-2023,35.46
Alabama,AL,08-2024,34.85
Alabama,AL,08-2025,31.11
Alabama,AL,09-2022,33.69
Alabama,AL,09-2023,33.71
Alabama,AL,09-2024,32.99
Alabama,AL,09-2025,30.4
Alabama,AL,10-2022,33.64
Alabama,AL,10-2023,34.3
Alabama,AL,10-2024,30.95
Alabama,AL,10-2025,26.14
Alabama,AL,11-2022,31.31
Alabama,AL,11-2023,30.59
Alabama,AL,11-2024,28.13
Alabama,AL,11-2025,26.39
Alabama,AL,12-2022,32.21
Alabama,AL,12-2023,29.8
Alabama,AL,12-2024,31.4
Alabama,AL,12-2025,25.98
Alaska,AK,01-2022,59.43
Alaska,AK,01-2023,57.63
Alaska,AK,01-2024,51.78
Alaska,AK,01-2025,52.6
Alaska,AK,02-2022,56.42
Alaska,AK,02-2023,50.63
Alaska,AK,02-2024,50.97
Alaska,AK,02-2025,54.22
Alaska,AK,03-2022,63.32
Alaska,AK,03-2023,63.39
Alaska,AK,03-2024,54.36
Alaska,AK,03-2025,57.34
Alaska,AK,04-2022,69.22
Alaska,AK,04-2023,64.76
Alaska,AK,04-2024,54.09
Alaska,AK,04-2025,60.19
Alaska,AK,05-2022,67.99
Alaska,AK,05-2023,72.45
Alaska,AK,05-2024,67.65
Alaska,AK,05-2025,62.9
Alaska,AK,06-2022,74.99
Alaska,AK,06-2023,67.09
Alaska,AK,06-2024,71.44
Alaska,AK,06-2025,60.16
Alaska,AK,07-2022,73.62
Alaska,AK,07-2023,67.51
Alaska,AK,07-2024,65.34
Alaska,AK,07-2025,81.07
Alaska,AK,08-2022,69.5
Alaska,AK,08-2023,74.78
Alaska,AK,08-2024,80.93
Alaska,AK,08-2025,67.1
Alaska,AK,09-2022,74.03
Alaska,AK,09-2023,64.21
Alaska,AK,09-2024,66.56
Alaska,AK,09-2025,62.44
Alaska,AK,10-2022,59.2
Alaska,AK,10-2023,58.31
Alaska,AK,10-2024,57.34
Alaska,AK,10-2025,59.11
Alaska,AK,11-2022,57.69
Alaska,AK,11-2023,47.75
Alaska,AK,11-2024,53.55
Alaska,AK,11-2025,54.5
Alaska,AK,12-2022,54.53
Alaska,AK,12-2023,51.18
Alaska,AK,12-2024,56.53
Alaska,AK,12-2025,38.67
Arizona,AZ,01-2022,32.61
Arizona,AZ,01-2023,37.67
Arizona,AZ,01-2024,33.48
Arizona,AZ,01-2025,30.91
Arizona,AZ,02-2022,31.03
Arizona,AZ,02-2023,33.4
Arizona,AZ,02-2024,33.67
Arizona,AZ,02-2025,29.99
Arizona,AZ,03-2022,35.8
Arizona,AZ,03-2023,36.94
Arizona,AZ,03-2024,38.24
Arizona,AZ,03-2025,32.19
Arizona,AZ,04-2022,37.02
Arizona,AZ,04-2023,38.56
Arizona,AZ,04-2024,35.19
Arizona,AZ,04-2025,31.75
Arizona,AZ,05-2022,43.61
Arizona,AZ,05-2023,40.31
Arizona,AZ,05-2024,40.51
Arizona,AZ,05-2025,36.03
Arizona,AZ,06-2022,40.66
Arizona,AZ,06-2023,38.0
Arizona,AZ,06-2024,36.37
Arizona,AZ,06-2025,31.16
Arizona,AZ,07-2022,41.49
Arizona,AZ,07-2023,35.86
Arizona,AZ,07-2024,36.85
Arizona,AZ,07-2025,30.65
Arizona,AZ,08-2022,41.7
Arizona,AZ,08-2023,36.67
Arizona,AZ,08-2024,37.82
Arizona,AZ,08-2025,32.76
Arizona,AZ,09-2022,40.19
Arizona,AZ,09-2023,32.35
Arizona,AZ,09-2024,36.36
Arizona,AZ,09-2025,29.09
Arizona,AZ,10-2022,38.39
Arizona,AZ,10-2023,32.69
Arizona,AZ,10-2024,36.91
Arizona,AZ,10-2025,30.82
Arizona,AZ,11-2022,32.9
Arizona,AZ,11-2023,34.73
Arizona,AZ,11-2024,32.36
Arizona,AZ,11-2025,27.67
Arizona,AZ,12-2022,34.93
Arizona,AZ,12-2023,31.71
Arizona,AZ,12-2024,32.82
Arizona,AZ,12-2025,27.98
Arkansas,AR,01-2022,51.99
Arkansas,AR,01-2023,53.96
Arkansas,AR,01-2024,42.81
Arkansas,AR,01-2025,40.09
Arkansas,AR,02-2022,49.62
Arkansas,AR,02-2023,45.4
Arkansas,AR,02-2024,44.49
Arkansas,AR,02-2025,36.96
Arkansas,AR,03-2022,56.46
Arkansas,AR,03-2023,52.21
Arkansas,AR,03-2024,48.93
Arkansas,AR,03-2025,45.62
Arkansas,AR,04-2022,54.94
Arkansas,AR,04-2023,53.92
Arkansas,AR,04-2024,51.36
Arkansas,AR,04-2025,45.53
Arkansas,AR,05-2022,62.15
Arkansas,AR,05-2023,57.8
Arkansas,AR,05-2024,57.21
Arkansas,AR,05-2025,50.91
Arkansas,AR,06-2022,59.98
Arkansas,AR,06-2023,53.56
Arkansas,AR,06-2024,53.54
Arkansas,AR,06-2025,47.7
Arkansas,AR,07-2022,60.01
Arkansas,AR,07-2023,57.3
Arkansas,AR,07-2024,52.04
Arkansas,AR,07-2025,50.83
Arkansas,AR,08-2022,57.33
Arkansas,AR,08-2023,53.53
Arkansas,AR,08-2024,53.11
Arkansas,AR,08-2025,49.05
Arkansas,AR,09-2022,54.41
Arkansas,AR,09-2023,54.11
Arkansas,AR,09-2024,51.62
Arkansas,AR,09-2025,46.21
Arkansas,AR,10-2022,56.29
Arkansas,AR,10-2023,50.23
Arkansas,AR,10-2024,49.51
Arkansas,AR,10-2025,48.38
Arkansas,AR,11-2022,49.16
Arkansas,AR,11-2023,46.97
Arkansas,AR,11-2024,43.13
Arkansas,AR,11-2025,44.88
Arkansas,AR,12-2022,47.26
Arkansas,AR,12-2023,50.21
Arkansas,AR,12-2024,41.84
Arkansas,AR,12-2025,34.04
California,CA,01-2022,39.88
California,CA,01-2023,46.34
California,CA,01-2024,39.41
California,CA,01-2025,33.31
California,CA,02-2022,38.04
California,CA,02-2023,36.23
California,CA,02-2024,36.76
California,CA,02-2025,30.25
California,CA,03-2022,43.16
California,CA,03-2023,40.93
California,CA,03-2024,39.76
California,CA,03-2025,34.29
California,CA,04-2022,42.26
California,CA,04-2023,42.8
California,CA,04-2024,39.23
California,CA,04-2025,34.89
California,CA,05-2022,43.17
California,CA,05-2023,45.06
California,CA,05-2024,41.45
California,CA,05-2025,37.82
California,CA,06-2022,43.31
California,CA,06-2023,43.85
California,CA,06-2024,42.08
California,CA,06-2025,35.24
California,CA,07-2022,44.94
California,CA,07-2023,47.44
California,CA,07-2024,43.34
California,CA,07-2025,37.9
California,CA,08-2022,45.03
California,CA,08-2023,46.12
California,CA,08-2024,41.98
California,CA,08-2025,37.67
California,CA,09-2022,44.51
California,CA,09-2023,45.01
California,CA,09-2024,41.93
California,CA,09-2025,34.52
California,CA,10-2022,43.51
California,CA,10-2023,51.95
California,CA,10-2024,40.42
California,CA,10-2025,36.1
California,CA,11-2022,36.88
California,CA,11-2023,39.83
California,CA,11-2024,35.99
California,CA,11-2025,33.13
California,CA,12-2022,38.05
California,CA,12-2023,40.95
California,CA,12-2024,36.3
California,CA,12-2025,31.45
Colorado,CO,01-2022,41.5
Colorado,CO,01-2023,39.74
Colorado,CO,01-2024,40.25
Colorado,CO,01-2025,35.19
Colorado,CO,02-2022,35.06
Colorado,CO,02-2023,35.97
Colorado,CO,02-2024,36.59
Colorado,CO,02-2025,31.15
Colorado,CO,03-2022,39.68
Colorado,CO,03-2023,38.83
Colorado,CO,03-2024,37.81
Colorado,CO,03-2025,36.51
Colorado,CO,04-2022,42.41
Colorado,CO,04-2023,39.36
Colorado,CO,04-2024,35.1
Colorado,CO,04-2025,35.3
Colorado,CO,05-2022,44.53
Colorado,CO,05-2023,44.39
Colorado,CO,05-2024,41.6
Colorado,CO,05-2025,36.99
Colorado,CO,06-2022,45.48
Colorado,CO,06-2023,43.51
Colorado,CO,06-2024,45.28
Colorado,CO,06-2025,37.72
Colorado,CO,07-2022,49.66
Colorado,CO,07-2023,48.48
Colorado,CO,07-2024,44.45
Colorado,CO,07-2025,40.68
Colorado,CO,08-2022,45.85
Colorado,CO,08-2023,44.92
Colorado,CO,08-2024,47.65
Colorado,CO,08-2025,39.56
Colorado,CO,09-2022,44.69
Colorado,CO,09-2023,42.75
Colorado,CO,09-2024,42.41
Colorado,CO,09-2025,36.47
Colorado,CO,10-2022,44.53
Colorado,CO,10-2023,41.77
Colorado,CO,10-2024,41.58
Colorado,CO,10-2025,32.09
Colorado,CO,11-2022,40.36
Colorado,CO,11-2023,36.22
Colorado,CO,11-2024,35.92
Colorado,CO,11-2025,31.77
Colorado,CO,12-2022,38.11
Colorado,CO,12-2023,37.75
Colorado,CO,12-2024,37.22
Colorado,CO,12-2025,27.67
Connecticut,CT,01-2022,13.18
Connecticut,CT,01-2023,13.99
Connecticut,CT,01-2024,12.54
Connecticut,CT,01-2025,9.12
Connecticut,CT,02-2022,12.33
Connecticut,CT,02-2023,10.84
Connecticut,CT,02-2024,11.05
Connecticut,CT,02-2025,7.46
Connecticut,CT,03-2022,12.68
Connecticut,CT,03-2023,11.5
Connecticut,CT,03-2024,11.97
Connecticut,CT,03-2025,10.26
Connecticut,CT,04-2022,11.13
Connecticut,CT,04-2023,11.92
Connecticut,CT,04-2024,10.69
Connecticut,CT,04-2025,9.71
Connecticut,CT,05-2022,14.34
Connecticut,CT,05-2023,14.15
Connecticut,CT,05-2024,13.77
Connecticut,CT,05-2025,10.53
Connecticut,CT,06-2022,13.04
Connecticut,CT,06-2023,13.91
Connecticut,CT,06-2024,10.91
Connecticut,CT,06-2025,9.74
Connecticut,CT,07-2022,15.17
Connecticut,CT,07-2023,14.6
Connecticut,CT,07-2024,13.82
Connecticut,CT,07-2025,9.44
Connecticut,CT,08-2022,13.4
Connecticut,CT,08-2023,12.61
Connecticut,CT,08-2024,12.73
Connecticut,CT,08-2025,9.36
Connecticut,CT,09-2022,14.37
Connecticut,CT,09-2023,12.99
Connecticut,CT,09-2024,11.62
Connecticut,CT,09-2025,8.84
Connecticut,CT,10-2022,13.37
Connecticut,CT,10-2023,13.27
Connecticut,CT,10-2024,10.61
Connecticut,CT,10-2025,8.75
Connecticut,CT,11-2022,11.55
Connecticut,CT,11-2023,12.3
Connecticut,CT,11-2024,10.07
Connecticut,CT,11-2025,6.39
Connecticut,CT,12-2022,10.92
Connecticut,CT,12-2023,12.11
Connecticut,CT,12-2024,9.17
Connecticut,CT,12-2025,5.99
Delaware,DE,01-2022,27.61
Delaware,DE,01-2023,30.78
Delaware,DE,01-2024,26.24
Delaware,DE,01-2025,25.0
Delaware,DE,02-2022,27.87
Delaware,DE,02-2023,30.25
Delaware,DE,02-2024,24.53
Delaware,DE,02-2025,24.81
Delaware,DE,03-2022,30.23
Delaware,DE,03-2023,28.88
Delaware,DE,03-2024,27.95
Delaware,DE,03-2025,28.61
Delaware,DE,04-2022,31.21
Delaware,DE,04-2023,34.21
Delaware,DE,04-2024,33.56
Delaware,DE,04-2025,31.37
Delaware,DE,05-2022,38.1
Delaware,DE,05-2023,37.31
Delaware,DE,05-2024,36.03
Delaware,DE,05-2025,31.77
Delaware,DE,06-2022,32.21
Delaware,DE,06-2023,36.53
Delaware,DE,06-2024,34.89
Delaware,DE,06-2025,31.28
Delaware,DE,07-2022,37.51
Delaware,DE,07-2023,36.83
Delaware,DE,07-2024,32.32
Delaware,DE,07-2025,30.99
Delaware,DE,08-2022,35.64
Delaware,DE,08-2023,33.58
Delaware,DE,08-2024,34.41
Delaware,DE,08-2025,25.38
Delaware,DE,09-2022,37.61
Delaware,DE,09-2023,36.92
Delaware,DE,09-2024,31.69
Delaware,DE,09-2025,29.18
Delaware,DE,10-2022,37.22
Delaware,DE,10-2023,35.57
Delaware,DE,10-2024,30.9
Delaware,DE,10-2025,22.82
Delaware,DE,11-2022,28.88
Delaware,DE,11-2023,29.56
Delaware,DE,11-2024,27.76
Delaware,DE,12-2022,29.81
Delaware,DE,12-2023,27.72
Delaware,DE,12-2024,26.62
Florida,FL,01-2022,14.11
Florida,FL,01-2023,16.95
Florida,FL,01-2024,18.08
Florida,FL,01-2025,19.07
Florida,FL,02-2022,12.92
Florida,FL,02-2023,15.17
Florida,FL,02-2024,16.25
Florida,FL,02-2025,19.17
Florida,FL,03-2022,15.75
Florida,FL,03-2023,17.23
Florida,FL,03-2024,18.79
Florida,FL,03-2025,22.04
Florida,FL,04-2022,15.1
Florida,FL,04-2023,18.23
Florida,FL,04-2024,18.18
Florida,FL,04-2025,22.91
Florida,FL,05-2022,15.69
Florida,FL,05-2023,18.86
Florida,FL,05-2024,20.07
Florida,FL,05-2025,22.84
Florida,FL,06-2022,14.41
Florida,FL,06-2023,18.1
Florida,FL,06-2024,17.4
Florida,FL,06-2025,21.71
Florida,FL,07-2022,15.72
Florida,FL,07-2023,18.58
Florida,FL,07-2024,18.22
Florida,FL,07-2025,22.03
Florida,FL,08-2022,15.36
Florida,FL,08-2023,18.41
Florida,FL,08-2024,17.36
Florida,FL,08-2025,21.48
Florida,FL,09-2022,16.52
Florida,FL,09-2023,18.28
Florida,FL,09-2024,17.55
Florida,FL,09-2025,21.43
Florida,FL,10-2022,17.09
Florida,FL,10-2023,19.2
Florida,FL,10-2024,16.96
Florida,FL,10-2025,21.97
Florida,FL,11-2022,15.08
Florida,FL,11-2023,16.88
Florida,FL,11-2024,15.64
Florida,FL,11-2025,21.76
Florida,FL,12-2022,156.32
Florida,FL,12-2023,90.92
Florida,FL,12-2024,72.74
Florida,FL,12-2025,20.37
Georgia,GA,01-2022,28.95
Georgia,GA,01-2023,31.77
Georgia,GA,01-2024,26.91
Georgia,GA,01-2025,23.97
Georgia,GA,02-2022,28.51
Georgia,GA,02-2023,28.66
Georgia,GA,02-2024,25.73
Georgia,GA,02-2025,21.29
Georgia,GA,03-2022,32.62
Georgia,GA,03-2023,31.91
Georgia,GA,03-2024,26.67
Georgia,GA,03-2025,25.41
Georgia,GA,04-2022,34.37
Georgia,GA,04-2023,31.76
Georgia,GA,04-2024,29.8
Georgia,GA,04-2025,25.92
Georgia,GA,05-2022,38.48
Georgia,GA,05-2023,35.22
Georgia,GA,05-2024,30.71
Georgia,GA,05-2025,27.14
Georgia,GA,06-2022,35.09
Georgia,GA,06-2023,32.72
Georgia,GA,06-2024,28.0
Georgia,GA,06-2025,26.69
Georgia,GA,07-2022,35.66
Georgia,GA,07-2023,33.15
Georgia,GA,07-2024,28.14
Georgia,GA,07-2025,26.4
Georgia,GA,08-2022,32.55
Georgia,GA,08-2023,31.21
Georgia,GA,08-2024,29.22
Georgia,GA,08-2025,22.81
Georgia,GA,09-2022,32.75
Georgia,GA,09-2023,29.02
Georgia,GA,09-2024,27.33
Georgia,GA,09-2025,24.58
Georgia,GA,10-2022,33.18
Georgia,GA,10-2023,31.58
Georgia,GA,10-2024,25.31
Georgia,GA,10-2025,24.1
Georgia,GA,11-2022,30.05
Georgia,GA,11-2023,26.97
Georgia,GA,11-2024,24.24
Georgia,GA,11-2025,22.52
Georgia,GA,12-2022,29.35
Georgia,GA,12-2023,27.22
Georgia,GA,12-2024,22.48
Georgia,GA,12-2025,23.03
Hawaii,HI,01-2022,25.76
Hawaii,HI,01-2023,20.14
Hawaii,HI,01-2024,20.81
Hawaii,HI,01-2025,17.63
Hawaii,HI,02-2022,22.29
Hawaii,HI,02-2023,17.84
Hawaii,HI,02-2024,17.15
Hawaii,HI,02-2025,17.49
Hawaii,HI,03-2022,22.64
Hawaii,HI,03-2023,21.32
Hawaii,HI,03-2024,19.02
Hawaii,HI,03-2025,16.04
Hawaii,HI,04-2022,22.57
Hawaii,HI,04-2023,22.37
Hawaii,HI,04-2024,16.6
Hawaii,HI,04-2025,17.29
Hawaii,HI,05-2022,22.5
Hawaii,HI,05-2023,22.44
Hawaii,HI,05-2024,22.2
Hawaii,HI,05-2025,19.09
Hawaii,HI,06-2022,19.3
Hawaii,HI,06-2023,18.47
Hawaii,HI,06-2024,19.85
Hawaii,HI,06-2025,16.53
Hawaii,HI,07-2022,21.25
Hawaii,HI,07-2023,20.07
Hawaii,HI,07-2024,19.22
Hawaii,HI,07-2025,15.78
Hawaii,HI,08-2022,26.25
Hawaii,HI,08-2023,19.72
Hawaii,HI,08-2024,20.47
Hawaii,HI,08-2025,14.76
Hawaii,HI,09-2022,26.45
Hawaii,HI,09-2023,21.46
Hawaii,HI,09-2024,16.8
Hawaii,HI,09-2025,8.67
Hawaii,HI,10-2022,24.86
Hawaii,HI,10-2023,19.3
Hawaii,HI,10-2024,22.89
Hawaii,HI,10-2025,5.94
Hawaii,HI,11-2022,21.46
Hawaii,HI,11-2023,21.39
Hawaii,HI,11-2024,17.56
Hawaii,HI,11-2025,5.39
Hawaii,HI,12-2022,20.28
Hawaii,HI,12-2023,19.44
Hawaii,HI,12-2024,16.8
Hawaii,HI,12-2025,1.4
Idaho,ID,01-2022,19.82
Idaho,ID,01-2023,19.66
Idaho,ID,01-2024,17.92
Idaho,ID,01-2025,18.54
Idaho,ID,02-2022,15.54
Idaho,ID,02-2023,17.57
Idaho,ID,02-2024,16.73
Idaho,ID,02-2025,15.52
Idaho,ID,03-2022,19.41
Idaho,ID,03-2023,18.12
Idaho,ID,03-2024,20.28
Idaho,ID,03-2025,18.89
Idaho,ID,04-2022,19.76
Idaho,ID,04-2023,18.55
Idaho,ID,04-2024,18.1
Idaho,ID,04-2025,18.89
Idaho,ID,05-2022,22.88
Idaho,ID,05-2023,19.92
Idaho,ID,05-2024,19.77
Idaho,ID,05-2025,19.61
Idaho,ID,06-2022,21.3
Idaho,ID,06-2023,21.86
Idaho,ID,06-2024,20.97
Idaho,ID,06-2025,21.21
Idaho,ID,07-2022,22.85
Idaho,ID,07-2023,24.09
Idaho,ID,07-2024,24.02
Idaho,ID,07-2025,22.44
Idaho,ID,08-2022,23.06
Idaho,ID,08-2023,21.92
Idaho,ID,08-2024,22.14
Idaho,ID,08-2025,20.82
Idaho,ID,09-2022,25.07
Idaho,ID,09-2023,22.12
Idaho,ID,09-2024,20.65
Idaho,ID,09-2025,15.36
Idaho,ID,10-2022,22.34
Idaho,ID,10-2023,18.7
Idaho,ID,10-2024,19.6
Idaho,ID,10-2025,17.45
Idaho,ID,11-2022,18.52
Idaho,ID,11-2023,19.96
Idaho,ID,11-2024,18.21
Idaho,ID,11-2025,15.65
Idaho,ID,12-2022,20.46
Idaho,ID,12-2023,20.04
Idaho,ID,12-2024,16.96
Idaho,ID,12-2025,13.35
Illinois,IL,01-2022,26.3
Illinois,IL,01-2023,26.07
Illinois,IL,01-2024,20.9
Illinois,IL,01-2025,19.17
Illinois,IL,02-2022,24.36
Illinois,IL,02-2023,19.59
Illinois,IL,02-2024,21.92
Illinois,IL,02-2025,16.07
Illinois,IL,03-2022,26.36
Illinois,IL,03-2023,22.04
Illinois,IL,03-2024,23.74
Illinois,IL,03-2025,19.29
Illinois,IL,04-2022,26.88
Illinois,IL,04-2023,25.47
Illinois,IL,04-2024,24.57
Illinois,IL,04-2025,19.77
Illinois,IL,05-2022,30.75
Illinois,IL,05-2023,28.44
Illinois,IL,05-2024,27.94
Illinois,IL,05-2025,21.77
Illinois,IL,06-2022,30.0
Illinois,IL,06-2023,27.42
Illinois,IL,06-2024,27.63
Illinois,IL,06-2025,22.92
Illinois,IL,07-2022,32.91
Illinois,IL,07-2023,30.34
Illinois,IL,07-2024,28.6
Illinois,IL,07-2025,23.05
Illinois,IL,08-2022,31.87
Illinois,IL,08-2023,31.03
Illinois,IL,08-2024,26.73
Illinois,IL,08-2025,23.25
Illinois,IL,09-2022,31.1
Illinois,IL,09-2023,29.57
Illinois,IL,09-2024,25.08
Illinois,IL,09-2025,21.13
Illinois,IL,10-2022,30.91
Illinois,IL,10-2023,30.82
Illinois,IL,10-2024,23.7
Illinois,IL,10-2025,19.2
Illinois,IL,11-2022,26.98
Illinois,IL,11-2023,26.38
Illinois,IL,11-2024,22.51
Illinois,IL,11-2025,18.33
Illinois,IL,12-2022,26.11
Illinois,IL,12-2023,25.45
Illinois,IL,12-2024,20.95
Illinois,IL,12-2025,16.73
Indiana,IN,01-2022,25.95
Indiana,IN,01-2023,29.93
Indiana,IN,01-2024,26.08
Indiana,IN,01-2025,21.06
Indiana,IN,02-2022,22.82
Indiana,IN,02-2023,24.36
Indiana,IN,02-2024,24.65
Indiana,IN,02-2025,19.99
Indiana,IN,03-2022,27.19
Indiana,IN,03-2023,28.61
Indiana,IN,03-2024,28.71
Indiana,IN,03-2025,28.36
Indiana,IN,04-2022,28.28
Indiana,IN,04-2023,30.49
Indiana,IN,04-2024,28.28
Indiana,IN,04-2025,23.03
Indiana,IN,05-2022,33.82
Indiana,IN,05-2023,34.87
Indiana,IN,05-2024,33.84
Indiana,IN,05-2025,28.53
Indiana,IN,06-2022,33.65
Indiana,IN,06-2023,34.5
Indiana,IN,06-2024,34.14
Indiana,IN,06-2025,26.78
Indiana,IN,07-2022,34.89
Indiana,IN,07-2023,38.34
Indiana,IN,07-2024,36.02
Indiana,IN,07-2025,23.13
Indiana,IN,08-2022,34.17
Indiana,IN,08-2023,35.87
Indiana,IN,08-2024,32.59
Indiana,IN,08-2025,26.4
Indiana,IN,09-2022,30.6
Indiana,IN,09-2023,33.51
Indiana,IN,09-2024,30.82
Indiana,IN,09-2025,21.72
Indiana,IN,10-2022,30.46
Indiana,IN,10-2023,32.68
Indiana,IN,10-2024,28.19
Indiana,IN,10-2025,13.66
Indiana,IN,11-2022,27.13
Indiana,IN,11-2023,28.37
Indiana,IN,11-2024,25.96
Indiana,IN,11-2025,14.26
Indiana,IN,12-2022,25.34
Indiana,IN,12-2023,28.54
Indiana,IN,12-2024,25.78
Indiana,IN,12-2025,9.24
Iowa,IA,01-2022,19.57
Iowa,IA,01-2023,24.17
Iowa,IA,01-2024,17.92
Iowa,IA,01-2025,16.4
Iowa,IA,02-2022,17.07
Iowa,IA,02-2023,21.67
Iowa,IA,02-2024,16.74
Iowa,IA,02-2025,16.38
Iowa,IA,03-2022,21.02
Iowa,IA,03-2023,22.58
Iowa,IA,03-2024,19.65
Iowa,IA,03-2025,21.15
Iowa,IA,04-2022,21.58
Iowa,IA,04-2023,24.32
Iowa,IA,04-2024,18.36
Iowa,IA,04-2025,18.41
Iowa,IA,05-2022,31.03
Iowa,IA,05-2023,27.96
Iowa,IA,05-2024,22.63
Iowa,IA,05-2025,22.27
Iowa,IA,06-2022,29.6
Iowa,IA,06-2023,23.58
Iowa,IA,06-2024,24.23
Iowa,IA,06-2025,19.75
Iowa,IA,07-2022,29.51
Iowa,IA,07-2023,27.4
Iowa,IA,07-2024,23.54
Iowa,IA,07-2025,23.03
Iowa,IA,08-2022,28.5
Iowa,IA,08-2023,24.23
Iowa,IA,08-2024,24.62
Iowa,IA,08-2025,22.87
Iowa,IA,09-2022,26.04
Iowa,IA,09-2023,24.45
Iowa,IA,09-2024,22.61
Iowa,IA,09-2025,19.26
Iowa,IA,10-2022,26.33
Iowa,IA,10-2023,24.01
Iowa,IA,10-2024,20.9
Iowa,IA,10-2025,20.77
Iowa,IA,11-2022,23.24
Iowa,IA,11-2023,17.85
Iowa,IA,11-2024,18.87
Iowa,IA,11-2025,18.07
Iowa,IA,12-2022,22.3
Iowa,IA,12-2023,17.49
Iowa,IA,12-2024,16.76
Iowa,IA,12-2025,18.38
Kansas,KS,01-2022,29.46
Kansas,KS,01-2023,37.09
Kansas,KS,01-2024,33.99
Kansas,KS,01-2025,32.15
Kansas,KS,02-2022,30.47
Kansas,KS,02-2023,29.55
Kansas,KS,02-2024,34.85
Kansas,KS,02-2025,29.71
Kansas,KS,03-2022,38.69
Kansas,KS,03-2023,34.51
Kansas,KS,03-2024,36.65
Kansas,KS,03-2025,39.52
Kansas,KS,04-2022,39.58
Kansas,KS,04-2023,37.47
Kansas,KS,04-2024,39.04
Kansas,KS,04-2025,40.15
Kansas,KS,05-2022,41.23
Kansas,KS,05-2023,40.81
Kansas,KS,05-2024,45.06
Kansas,KS,05-2025,42.05
Kansas,KS,06-2022,40.59
Kansas,KS,06-2023,37.34
Kansas,KS,06-2024,43.19
Kansas,KS,06-2025,43.09
Kansas,KS,07-2022,40.17
Kansas,KS,07-2023,40.63
Kansas,KS,07-2024,45.23
Kansas,KS,07-2025,40.56
Kansas,KS,08-2022,40.24
Kansas,KS,08-2023,41.53
Kansas,KS,08-2024,41.08
Kansas,KS,08-2025,43.22
Kansas,KS,09-2022,38.29
Kansas,KS,09-2023,35.38
Kansas,KS,09-2024,45.41
Kansas,KS,09-2025,30.77
Kansas,KS,10-2022,39.6
Kansas,KS,10-2023,38.14
Kansas,KS,10-2024,40.76
Kansas,KS,10-2025,32.51
Kansas,KS,11-2022,33.72
Kansas,KS,11-2023,31.04
Kansas,KS,11-2024,36.55
Kansas,KS,11-2025,29.46
Kansas,KS,12-2022,36.61
Kansas,KS,12-2023,32.32
Kansas,KS,12-2024,32.89
Kansas,KS,12-2025,14.95
Kentucky,KY,01-2022,12.73
Kentucky,KY,01-2023,19.07
Kentucky,KY,01-2024,18.29
Kentucky,KY,01-2025,16.83
Kentucky,KY,02-2022,9.98
Kentucky,KY,02-2023,17.23
Kentucky,KY,02-2024,15.52
Kentucky,KY,02-2025,15.78
Kentucky,KY,03-2022,16.32
Kentucky,KY,03-2023,19.31
Kentucky,KY,03-2024,18.81
Kentucky,KY,03-2025,17.41
Kentucky,KY,04-2022,19.55
Kentucky,KY,04-2023,17.76
Kentucky,KY,04-2024,18.11
Kentucky,KY,04-2025,18.31
Kentucky,KY,05-2022,22.61
Kentucky,KY,05-2023,19.75
Kentucky,KY,05-2024,20.38
Kentucky,KY,05-2025,18.55
Kentucky,KY,06-2022,20.84
Kentucky,KY,06-2023,21.08
Kentucky,KY,06-2024,20.01
Kentucky,KY,06-2025,20.01
Kentucky,KY,07-2022,24.74
Kentucky,KY,07-2023,19.49
Kentucky,KY,07-2024,20.36
Kentucky,KY,07-2025,19.01
Kentucky,KY,08-2022,20.66
Kentucky,KY,08-2023,20.37
Kentucky,KY,08-2024,19.64
Kentucky,KY,08-2025,18.77
Kentucky,KY,09-2022,21.24
Kentucky,KY,09-2023,20.99
Kentucky,KY,09-2024,19.0
Kentucky,KY,09-2025,16.83
Kentucky,KY,10-2022,19.38
Kentucky,KY,10-2023,21.28
Kentucky,KY,10-2024,19.66
Kentucky,KY,10-2025,16.46
Kentucky,KY,11-2022,17.82
Kentucky,KY,11-2023,16.84
Kentucky,KY,11-2024,18.13
Kentucky,KY,11-2025,12.36
Kentucky,KY,12-2022,17.14
Kentucky,KY,12-2023,18.58
Kentucky,KY,12-2024,17.59
Kentucky,KY,12-2025,9.0
Louisiana,LA,01-2022,54.66
Louisiana,LA,01-2023,51.77
Louisiana,LA,01-2024,38.78
Louisiana,LA,01-2025,36.13
Louisiana,LA,02-2022,47.0
Louisiana,LA,02-2023,44.82
Louisiana,LA,02-2024,40.25
Louisiana,LA,02-2025,35.91
Louisiana,LA,03-2022,57.31
Louisiana,LA,03-2023,55.0
Louisiana,LA,03-2024,42.05
Louisiana,LA,03-2025,40.0
Louisiana,LA,04-2022,59.83
Louisiana,LA,04-2023,50.93
Louisiana,LA,04-2024,43.42
Louisiana,LA,04-2025,41.55
Louisiana,LA,05-2022,59.09
Louisiana,LA,05-2023,55.55
Louisiana,LA,05-2024,49.16
Louisiana,LA,05-2025,42.82
Louisiana,LA,06-2022,58.9
Louisiana,LA,06-2023,50.06
Louisiana,LA,06-2024,43.39
Louisiana,LA,06-2025,38.85
Louisiana,LA,07-2022,55.31
Louisiana,LA,07-2023,49.95
Louisiana,LA,07-2024,42.37
Louisiana,LA,07-2025,44.22
Louisiana,LA,08-2022,50.58
Louisiana,LA,08-2023,47.5
Louisiana,LA,08-2024,42.6
Louisiana,LA,08-2025,41.41
Louisiana,LA,09-2022,55.22
Louisiana,LA,09-2023,47.71
Louisiana,LA,09-2024,42.06
Louisiana,LA,09-2025,42.34
Louisiana,LA,10-2022,51.72
Louisiana,LA,10-2023,47.61
Louisiana,LA,10-2024,41.52
Louisiana,LA,10-2025,40.13
Louisiana,LA,11-2022,46.04
Louisiana,LA,11-2023,43.18
Louisiana,LA,11-2024,38.92
Louisiana,LA,11-2025,38.74
Louisiana,LA,12-2022,47.83
Louisiana,LA,12-2023,43.23
Louisiana,LA,12-2024,42.13
Louisiana,LA,12-2025,31.59
Maine,ME,01-2022,8.53
Maine,ME,01-2023,9.1
Maine,ME,01-2024,7.96
Maine,ME,01-2025,7.11
Maine,ME,02-2022,7.51
Maine,ME,02-2023,7.81
Maine,ME,02-2024,8.24
Maine,ME,02-2025,5.89
Maine,ME,03-2022,8.02
Maine,ME,03-2023,7.95
Maine,ME,03-2024,7.6
Maine,ME,03-2025,7.92
Maine,ME,04-2022,8.74
Maine,ME,04-2023,9.74
Maine,ME,04-2024,7.42
Maine,ME,04-2025,7.41
Maine,ME,05-2022,9.1
Maine,ME,05-2023,8.31
Maine,ME,05-2024,9.32
Maine,ME,05-2025,7.63
Maine,ME,06-2022,10.04
Maine,ME,06-2023,7.88
Maine,ME,06-2024,9.39
Maine,ME,06-2025,9.44
Maine,ME,07-2022,9.9
Maine,ME,07-2023,9.96
Maine,ME,07-2024,9.68
Maine,ME,07-2025,8.35
Maine,ME,08-2022,10.26
Maine,ME,08-2023,8.45
Maine,ME,08-2024,9.39
Maine,ME,08-2025,8.0
Maine,ME,09-2022,8.89
Maine,ME,09-2023,8.6
Maine,ME,09-2024,8.67
Maine,ME,09-2025,7.89
Maine,ME,10-2022,8.74
Maine,ME,10-2023,9.96
Maine,ME,10-2024,8.6
Maine,ME,10-2025,7.35
Maine,ME,11-2022,8.74
Maine,ME,11-2023,8.88
Maine,ME,11-2024,7.6
Maine,ME,11-2025,4.83
Maine,ME,12-2022,7.51
Maine,ME,12-2023,7.59
Maine,ME,12-2024,8.27
Maine,ME,12-2025,2.48
Maryland,MD,01-2022,36.71
Maryland,MD,01-2023,34.16
Maryland,MD,01-2024,34.22
Maryland,MD,01-2025,28.5
Maryland,MD,02-2022,32.92
Maryland,MD,02-2023,30.63
Maryland,MD,02-2024,32.2
Maryland,MD,02-2025,25.22
Maryland,MD,03-2022,36.34
Maryland,MD,03-2023,36.42
Maryland,MD,03-2024,33.47
Maryland,MD,03-2025,29.01
Maryland,MD,04-2022,34.75
Maryland,MD,04-2023,37.76
Maryland,MD,04-2024,34.84
Maryland,MD,04-2025,29.39
Maryland,MD,05-2022,35.76
Maryland,MD,05-2023,40.94
Maryland,MD,05-2024,37.95
Maryland,MD,05-2025,31.98
Maryland,MD,06-2022,38.81
Maryland,MD,06-2023,35.99
Maryland,MD,06-2024,37.58
Maryland,MD,06-2025,31.36
Maryland,MD,07-2022,39.29
Maryland,MD,07-2023,37.26
Maryland,MD,07-2024,37.33
Maryland,MD,07-2025,29.61
Maryland,MD,08-2022,37.99
Maryland,MD,08-2023,39.11
Maryland,MD,08-2024,37.25
Maryland,MD,08-2025,28.37
Maryland,MD,09-2022,36.89
Maryland,MD,09-2023,37.45
Maryland,MD,09-2024,39.07
Maryland,MD,09-2025,28.15
Maryland,MD,10-2022,35.29
Maryland,MD,10-2023,40.79
Maryland,MD,10-2024,36.8
Maryland,MD,10-2025,27.32
Maryland,MD,11-2022,35.74
Maryland,MD,11-2023,37.69
Maryland,MD,11-2024,33.55
Maryland,MD,11-2025,25.22
Maryland,MD,12-2022,32.04
Maryland,MD,12-2023,38.48
Maryland,MD,12-2024,30.78
Maryland,MD,12-2025,22.85
Massachusetts,MA,01-2022,23.81
Massachusetts,MA,01-2023,25.52
Massachusetts,MA,01-2024,22.4
Massachusetts,MA,01-2025,21.23
Massachusetts,MA,02-2022,22.08
Massachusetts,MA,02-2023,21.34
Massachusetts,MA,02-2024,21.4
Massachusetts,MA,02-2025,19.16
Massachusetts,MA,03-2022,27.19
Massachusetts,MA,03-2023,24.72
Massachusetts,MA,03-2024,24.39
Massachusetts,MA,03-2025,23.68
Massachusetts,MA,04-2022,25.7
Massachusetts,MA,04-2023,27.84
Massachusetts,MA,04-2024,25.27
Massachusetts,MA,04-2025,23.61
Massachusetts,MA,05-2022,29.01
Massachusetts,MA,05-2023,30.81
Massachusetts,MA,05-2024,29.06
Massachusetts,MA,05-2025,27.26
Massachusetts,MA,06-2022,29.49
Massachusetts,MA,06-2023,28.78
Massachusetts,MA,06-2024,30.0
Massachusetts,MA,06-2025,27.48
Massachusetts,MA,07-2022,31.53
Massachusetts,MA,07-2023,30.78
Massachusetts,MA,07-2024,31.38
Massachusetts,MA,07-2025,31.62
Massachusetts,MA,08-2022,30.2
Massachusetts,MA,08-2023,29.25
Massachusetts,MA,08-2024,27.3
Massachusetts,MA,08-2025,29.04
Massachusetts,MA,09-2022,28.1
Massachusetts,MA,09-2023,26.77
Massachusetts,MA,09-2024,25.18
Massachusetts,MA,09-2025,28.91
Massachusetts,MA,10-2022,29.25
Massachusetts,MA,10-2023,29.33
Massachusetts,MA,10-2024,26.55
Massachusetts,MA,10-2025,27.27
Massachusetts,MA,11-2022,25.38
Massachusetts,MA,11-2023,24.68
Massachusetts,MA,11-2024,25.61
Massachusetts,MA,11-2025,25.53
Massachusetts,MA,12-2022,23.85
Massachusetts,MA,12-2023,26.73
Massachusetts,MA,12-2024,21.32
Massachusetts,MA,12-2025,19.64
Michigan,MI,01-2022,34.61
Michigan,MI,01-2023,34.17
Michigan,MI,01-2024,32.23
Michigan,MI,01-2025,31.61
Michigan,MI,02-2022,31.15
Michigan,MI,02-2023,32.31
Michigan,MI,02-2024,30.73
Michigan,MI,02-2025,27.78
Michigan,MI,03-2022,36.98
Michigan,MI,03-2023,34.65
Michigan,MI,03-2024,33.55
Michigan,MI,03-2025,34.05
Michigan,MI,04-2022,37.47
Michigan,MI,04-2023,38.51
Michigan,MI,04-2024,37.32
Michigan,MI,04-2025,34.56
Michigan,MI,05-2022,44.25
Michigan,MI,05-2023,43.75
Michigan,MI,05-2024,41.73
Michigan,MI,05-2025,36.93
Michigan,MI,06-2022,44.79
Michigan,MI,06-2023,42.4
Michigan,MI,06-2024,42.15
Michigan,MI,06-2025,41.56
Michigan,MI,07-2022,46.49
Michigan,MI,07-2023,47.29
Michigan,MI,07-2024,41.97
Michigan,MI,07-2025,41.69
Michigan,MI,08-2022,42.9
Michigan,MI,08-2023,43.43
Michigan,MI,08-2024,40.98
Michigan,MI,08-2025,39.15
Michigan,MI,09-2022,40.4
Michigan,MI,09-2023,39.8
Michigan,MI,09-2024,39.47
Michigan,MI,09-2025,35.04
Michigan,MI,10-2022,40.59
Michigan,MI,10-2023,38.91
Michigan,MI,10-2024,37.57
Michigan,MI,10-2025,34.14
Michigan,MI,11-2022,36.87
Michigan,MI,11-2023,36.29
Michigan,MI,11-2024,33.87
Michigan,MI,11-2025,31.7
Michigan,MI,12-2022,34.23
Michigan,MI,12-2023,37.11
Michigan,MI,12-2024,30.5
Michigan,MI,12-2025,28.68
Minnesota,MN,01-2022,22.19
Minnesota,MN,01-2023,20.8
Minnesota,MN,01-2024,20.2
Minnesota,MN,01-2025,16.76
Minnesota,MN,02-2022,20.56
Minnesota,MN,02-2023,17.24
Minnesota,MN,02-2024,19.61
Minnesota,MN,02-2025,15.8
Minnesota,MN,03-2022,22.49
Minnesota,MN,03-2023,19.42
Minnesota,MN,03-2024,20.44
Minnesota,MN,03-2025,17.54
Minnesota,MN,04-2022,21.16
Minnesota,MN,04-2023,21.91
Minnesota,MN,04-2024,21.38
Minnesota,MN,04-2025,17.55
Minnesota,MN,05-2022,26.97
Minnesota,MN,05-2023,25.55
Minnesota,MN,05-2024,23.79
Minnesota,MN,05-2025,21.63
Minnesota,MN,06-2022,27.81
Minnesota,MN,06-2023,23.82
Minnesota,MN,06-2024,24.22
Minnesota,MN,06-2025,20.82
Minnesota,MN,07-2022,28.68
Minnesota,MN,07-2023,24.86
Minnesota,MN,07-2024,25.54
Minnesota,MN,07-2025,21.66
Minnesota,MN,08-2022,25.48
Minnesota,MN,08-2023,23.62
Minnesota,MN,08-2024,22.67
Minnesota,MN,08-2025,20.73
Minnesota,MN,09-2022,24.95
Minnesota,MN,09-2023,22.18
Minnesota,MN,09-2024,22.97
Minnesota,MN,09-2025,19.33
Minnesota,MN,10-2022,23.91
Minnesota,MN,10-2023,22.82
Minnesota,MN,10-2024,21.6
Minnesota,MN,10-2025,18.96
Minnesota,MN,11-2022,19.97
Minnesota,MN,11-2023,21.54
Minnesota,MN,11-2024,19.52
Minnesota,MN,11-2025,16.8
Minnesota,MN,12-2022,19.93
Minnesota,MN,12-2023,20.56
Minnesota,MN,12-2024,17.54
Minnesota,MN,12-2025,15.77
Mississippi,MS,01-2022,17.35
Mississippi,MS,01-2023,19.86
Mississippi,MS,01-2024,15.5
Mississippi,MS,01-2025,17.32
Mississippi,MS,02-2022,19.28
Mississippi,MS,02-2023,17.25
Mississippi,MS,02-2024,16.2
Mississippi,MS,02-2025,16.0
Mississippi,MS,03-2022,21.73
Mississippi,MS,03-2023,18.38
Mississippi,MS,03-2024,17.24
Mississippi,MS,03-2025,19.2
Mississippi,MS,04-2022,20.42
Mississippi,MS,04-2023,17.8
Mississippi,MS,04-2024,18.84
Mississippi,MS,04-2025,21.29
Mississippi,MS,05-2022,24.0
Mississippi,MS,05-2023,21.61
Mississippi,MS,05-2024,23.72
Mississippi,MS,05-2025,19.54
Mississippi,MS,06-2022,21.69
Mississippi,MS,06-2023,17.21
Mississippi,MS,06-2024,21.4
Mississippi,MS,06-2025,20.56
Mississippi,MS,07-2022,21.25
Mississippi,MS,07-2023,17.48
Mississippi,MS,07-2024,19.29
Mississippi,MS,07-2025,20.81
Mississippi,MS,08-2022,23.31
Mississippi,MS,08-2023,16.68
Mississippi,MS,08-2024,20.59
Mississippi,MS,08-2025,20.97
Mississippi,MS,09-2022,20.71
Mississippi,MS,09-2023,15.77
Mississippi,MS,09-2024,17.32
Mississippi,MS,09-2025,19.7
Mississippi,MS,10-2022,20.76
Mississippi,MS,10-2023,18.8
Mississippi,MS,10-2024,16.47
Mississippi,MS,10-2025,18.47
Mississippi,MS,11-2022,18.04
Mississippi,MS,11-2023,15.86
Mississippi,MS,11-2024,17.0
Mississippi,MS,11-2025,16.07
Mississippi,MS,12-2022,18.42
Mississippi,MS,12-2023,16.14
Mississippi,MS,12-2024,16.51
Mississippi,MS,12-2025,14.78
Missouri,MO,01-2022,39.62
Missouri,MO,01-2023,37.24
Missouri,MO,01-2024,33.91
Missouri,MO,01-2025,28.64
Missouri,MO,02-2022,31.87
Missouri,MO,02-2023,32.41
Missouri,MO,02-2024,33.89
Missouri,MO,02-2025,26.05
Missouri,MO,03-2022,42.28
Missouri,MO,03-2023,37.05
Missouri,MO,03-2024,36.96
Missouri,MO,03-2025,36.55
Missouri,MO,04-2022,42.73
Missouri,MO,04-2023,41.18
Missouri,MO,04-2024,37.38
Missouri,MO,04-2025,38.45
Missouri,MO,05-2022,46.14
Missouri,MO,05-2023,43.41
Missouri,MO,05-2024,43.95
Missouri,MO,05-2025,41.13
Missouri,MO,06-2022,44.06
Missouri,MO,06-2023,43.58
Missouri,MO,06-2024,42.24
Missouri,MO,06-2025,39.95
Missouri,MO,07-2022,49.87
Missouri,MO,07-2023,46.38
Missouri,MO,07-2024,45.18
Missouri,MO,07-2025,39.85
Missouri,MO,08-2022,44.57
Missouri,MO,08-2023,42.78
Missouri,MO,08-2024,43.18
Missouri,MO,08-2025,39.0
Missouri,MO,09-2022,42.52
Missouri,MO,09-2023,37.52
Missouri,MO,09-2024,44.4
Missouri,MO,09-2025,36.37
Missouri,MO,10-2022,42.65
Missouri,MO,10-2023,40.43
Missouri,MO,10-2024,39.07
Missouri,MO,10-2025,34.0
Missouri,MO,11-2022,36.7
Missouri,MO,11-2023,35.0
Missouri,MO,11-2024,35.6
Missouri,MO,11-2025,27.74
Missouri,MO,12-2022,37.98
Missouri,MO,12-2023,36.63
Missouri,MO,12-2024,35.48
Missouri,MO,12-2025,24.07
Montana,MT,01-2022,31.18
Montana,MT,01-2023,30.3
Montana,MT,01-2024,29.04
Montana,MT,01-2025,28.31
Montana,MT,02-2022,28.99
Montana,MT,02-2023,26.8
Montana,MT,02-2024,30.1
Montana,MT,02-2025,30.74
Montana,MT,03-2022,40.22
Montana,MT,03-2023,36.76
Montana,MT,03-2024,34.94
Montana,MT,03-2025,39.04
Montana,MT,04-2022,32.0
Montana,MT,04-2023,39.63
Montana,MT,04-2024,33.44
Montana,MT,04-2025,34.39
Montana,MT,05-2022,38.28
Montana,MT,05-2023,38.83
Montana,MT,05-2024,38.98
Montana,MT,05-2025,38.55
Montana,MT,06-2022,35.67
Montana,MT,06-2023,38.92
Montana,MT,06-2024,36.08
Montana,MT,06-2025,38.55
Montana,MT,07-2022,46.92
Montana,MT,07-2023,46.49
Montana,MT,07-2024,44.26
Montana,MT,07-2025,39.6
Montana,MT,08-2022,44.18
Montana,MT,08-2023,37.45
Montana,MT,08-2024,35.11
Montana,MT,08-2025,35.98
Montana,MT,09-2022,41.01
Montana,MT,09-2023,40.92
Montana,MT,09-2024,39.42
Montana,MT,09-2025,33.65
Montana,MT,10-2022,37.0
Montana,MT,10-2023,40.84
Montana,MT,10-2024,37.31
Montana,MT,10-2025,28.65
Montana,MT,11-2022,30.36
Montana,MT,11-2023,35.8
Montana,MT,11-2024,33.0
Montana,MT,11-2025,30.95
Montana,MT,12-2022,27.29
Montana,MT,12-2023,35.89
Montana,MT,12-2024,34.5
Montana,MT,12-2025,22.46
Nebraska,NE,01-2022,21.62
Nebraska,NE,01-2023,13.25
Nebraska,NE,01-2024,16.08
Nebraska,NE,01-2025,15.49
Nebraska,NE,02-2022,20.91
Nebraska,NE,02-2023,12.22
Nebraska,NE,02-2024,16.57
Nebraska,NE,02-2025,14.72
Nebraska,NE,03-2022,20.81
Nebraska,NE,03-2023,16.12
Nebraska,NE,03-2024,17.74
Nebraska,NE,03-2025,20.56
Nebraska,NE,04-2022,25.43
Nebraska,NE,04-2023,12.96
Nebraska,NE,04-2024,16.85
Nebraska,NE,04-2025,22.05
Nebraska,NE,05-2022,28.11
Nebraska,NE,05-2023,17.11
Nebraska,NE,05-2024,19.15
Nebraska,NE,05-2025,19.49
Nebraska,NE,06-2022,27.19
Nebraska,NE,06-2023,15.25
Nebraska,NE,06-2024,18.88
Nebraska,NE,06-2025,19.08
Nebraska,NE,07-2022,30.16
Nebraska,NE,07-2023,12.61
Nebraska,NE,07-2024,20.6
Nebraska,NE,07-2025,19.61
Nebraska,NE,08-2022,26.52
Nebraska,NE,08-2023,20.42
Nebraska,NE,08-2024,20.44
Nebraska,NE,08-2025,20.04
Nebraska,NE,09-2022,27.96
Nebraska,NE,09-2023,22.44
Nebraska,NE,09-2024,20.04
Nebraska,NE,09-2025,18.42
Nebraska,NE,10-2022,25.75
Nebraska,NE,10-2023,20.5
Nebraska,NE,10-2024,19.7
Nebraska,NE,10-2025,18.81
Nebraska,NE,11-2022,20.48
Nebraska,NE,11-2023,17.84
Nebraska,NE,11-2024,20.58
Nebraska,NE,11-2025,17.26
Nebraska,NE,12-2022,18.24
Nebraska,NE,12-2023,17.36
Nebraska,NE,12-2024,16.79
Nebraska,NE,12-2025,15.19
Nevada,NV,01-2022,37.61
Nevada,NV,01-2023,34.01
Nevada,NV,01-2024,35.69
Nevada,NV,01-2025,28.78
Nevada,NV,02-2022,35.05
Nevada,NV,02-2023,32.57
Nevada,NV,02-2024,30.68
Nevada,NV,02-2025,27.87
Nevada,NV,03-2022,38.33
Nevada,NV,03-2023,36.53
Nevada,NV,03-2024,35.39
Nevada,NV,03-2025,32.08
Nevada,NV,04-2022,38.74
Nevada,NV,04-2023,34.95
Nevada,NV,04-2024,36.09
Nevada,NV,04-2025,33.32
Nevada,NV,05-2022,39.94
Nevada,NV,05-2023,41.12
Nevada,NV,05-2024,34.8
Nevada,NV,05-2025,36.41
Nevada,NV,06-2022,37.35
Nevada,NV,06-2023,37.88
Nevada,NV,06-2024,35.74
Nevada,NV,06-2025,31.96
Nevada,NV,07-2022,40.07
Nevada,NV,07-2023,37.63
Nevada,NV,07-2024,33.8
Nevada,NV,07-2025,33.07
Nevada,NV,08-2022,39.31
Nevada,NV,08-2023,39.58
Nevada,NV,08-2024,35.0
Nevada,NV,08-2025,36.07
Nevada,NV,09-2022,40.32
Nevada,NV,09-2023,37.72
Nevada,NV,09-2024,34.78
Nevada,NV,09-2025,34.09
Nevada,NV,10-2022,42.16
Nevada,NV,10-2023,36.87
Nevada,NV,10-2024,36.57
Nevada,NV,10-2025,31.13
Nevada,NV,11-2022,35.33
Nevada,NV,11-2023,33.29
Nevada,NV,11-2024,29.81
Nevada,NV,11-2025,24.56
Nevada,NV,12-2022,35.46
Nevada,NV,12-2023,35.21
Nevada,NV,12-2024,30.13
Nevada,NV,12-2025,17.6
New Hampshire,NH,01-2022,11.42
New Hampshire,NH,01-2023,9.18
New Hampshire,NH,01-2024,9.88
New Hampshire,NH,01-2025,8.39
New Hampshire,NH,02-2022,10.21
New Hampshire,NH,02-2023,8.61
New Hampshire,NH,02-2024,7.25
New Hampshire,NH,02-2025,7.4
New Hampshire,NH,03-2022,13.26
New Hampshire,NH,03-2023,9.35
New Hampshire,NH,03-2024,8.53
New Hampshire,NH,03-2025,10.39
New Hampshire,NH,04-2022,10.58
New Hampshire,NH,04-2023,9.79
New Hampshire,NH,04-2024,7.89
New Hampshire,NH,04-2025,8.19
New Hampshire,NH,05-2022,11.37
New Hampshire,NH,05-2023,10.91
New Hampshire,NH,05-2024,10.96
New Hampshire,NH,05-2025,11.47
New Hampshire,NH,06-2022,10.95
New Hampshire,NH,06-2023,8.43
New Hampshire,NH,06-2024,10.45
New Hampshire,NH,06-2025,12.24
New Hampshire,NH,07-2022,12.16
New Hampshire,NH,07-2023,10.7
New Hampshire,NH,07-2024,10.02
New Hampshire,NH,07-2025,10.85
New Hampshire,NH,08-2022,13.46
New Hampshire,NH,08-2023,10.3
New Hampshire,NH,08-2024,8.18
New Hampshire,NH,08-2025,11.15
New Hampshire,NH,09-2022,10.37
New Hampshire,NH,09-2023,10.3
New Hampshire,NH,09-2024,9.59
New Hampshire,NH,09-2025,8.58
New Hampshire,NH,10-2022,10.73
New Hampshire,NH,10-2023,9.86
New Hampshire,NH,10-2024,10.8
New Hampshire,NH,10-2025,9.92
New Hampshire,NH,11-2022,9.81
New Hampshire,NH,11-2023,11.0
New Hampshire,NH,11-2024,9.45
New Hampshire,NH,11-2025,7.96
New Hampshire,NH,12-2022,9.39
New Hampshire,NH,12-2023,8.65
New Hampshire,NH,12-2024,9.1
New Hampshire,NH,12-2025,8.2
New Jersey,NJ,01-2022,16.59
New Jersey,NJ,01-2023,18.1
New Jersey,NJ,01-2024,17.44
New Jersey,NJ,01-2025,15.48
New Jersey,NJ,02-2022,15.11
New Jersey,NJ,02-2023,14.82
New Jersey,NJ,02-2024,15.62
New Jersey,NJ,02-2025,12.74
New Jersey,NJ,03-2022,17.79
New Jersey,NJ,03-2023,19.18
New Jersey,NJ,03-2024,18.11
New Jersey,NJ,03-2025,16.75
New Jersey,NJ,04-2022,18.04
New Jersey,NJ,04-2023,17.11
New Jersey,NJ,04-2024,17.59
New Jersey,NJ,04-2025,16.96
New Jersey,NJ,05-2022,19.74
New Jersey,NJ,05-2023,20.5
New Jersey,NJ,05-2024,20.36
New Jersey,NJ,05-2025,17.42
New Jersey,NJ,06-2022,19.61
New Jersey,NJ,06-2023,20.77
New Jersey,NJ,06-2024,20.59
New Jersey,NJ,06-2025,18.48
New Jersey,NJ,07-2022,21.94
New Jersey,NJ,07-2023,22.04
New Jersey,NJ,07-2024,21.53
New Jersey,NJ,07-2025,19.99
New Jersey,NJ,08-2022,20.71
New Jersey,NJ,08-2023,20.07
New Jersey,NJ,08-2024,19.91
New Jersey,NJ,08-2025,17.58
New Jersey,NJ,09-2022,17.87
New Jersey,NJ,09-2023,19.51
New Jersey,NJ,09-2024,18.05
New Jersey,NJ,09-2025,17.62
New Jersey,NJ,10-2022,17.86
New Jersey,NJ,10-2023,20.48
New Jersey,NJ,10-2024,19.39
New Jersey,NJ,10-2025,14.82
New Jersey,NJ,11-2022,16.37
New Jersey,NJ,11-2023,17.08
New Jersey,NJ,11-2024,17.4
New Jersey,NJ,11-2025,14.9
New Jersey,NJ,12-2022,16.03
New Jersey,NJ,12-2023,18.04
New Jersey,NJ,12-2024,15.83
New Jersey,NJ,12-2025,13.56
New Mexico,NM,01-2022,64.3
New Mexico,NM,01-2023,62.21
New Mexico,NM,01-2024,59.61
New Mexico,NM,01-2025,51.94
New Mexico,NM,02-2022,64.57
New Mexico,NM,02-2023,51.77
New Mexico,NM,02-2024,57.17
New Mexico,NM,02-2025,48.07
New Mexico,NM,03-2022,66.04
New Mexico,NM,03-2023,59.25
New Mexico,NM,03-2024,57.48
New Mexico,NM,03-2025,53.29
New Mexico,NM,04-2022,70.86
New Mexico,NM,04-2023,66.79
New Mexico,NM,04-2024,63.39
New Mexico,NM,04-2025,54.13
New Mexico,NM,05-2022,71.23
New Mexico,NM,05-2023,71.14
New Mexico,NM,05-2024,66.46
New Mexico,NM,05-2025,52.68
New Mexico,NM,06-2022,69.89
New Mexico,NM,06-2023,73.54
New Mexico,NM,06-2024,68.87
New Mexico,NM,06-2025,61.14
New Mexico,NM,07-2022,82.01
New Mexico,NM,07-2023,77.5
New Mexico,NM,07-2024,71.15
New Mexico,NM,07-2025,63.76
New Mexico,NM,08-2022,76.44
New Mexico,NM,08-2023,73.59
New Mexico,NM,08-2024,70.05
New Mexico,NM,08-2025,65.57
New Mexico,NM,09-2022,78.89
New Mexico,NM,09-2023,71.2
New Mexico,NM,09-2024,70.01
New Mexico,NM,09-2025,59.17
New Mexico,NM,10-2022,66.56
New Mexico,NM,10-2023,68.9
New Mexico,NM,10-2024,59.52
New Mexico,NM,10-2025,51.83
New Mexico,NM,11-2022,60.66
New Mexico,NM,11-2023,59.95
New Mexico,NM,11-2024,52.09
New Mexico,NM,11-2025,32.67
New Mexico,NM,12-2022,62.63
New Mexico,NM,12-2023,61.02
New Mexico,NM,12-2024,55.0
New Mexico,NM,12-2025,2.34
New York,NY,01-2022,30.76
New York,NY,01-2023,31.67
New York,NY,01-2024,31.32
New York,NY,01-2025,33.04
New York,NY,02-2022,30.76
New York,NY,02-2023,28.47
New York,NY,02-2024,30.17
New York,NY,02-2025,30.37
New York,NY,03-2022,34.16
New York,NY,03-2023,30.16
New York,NY,03-2024,32.81
New York,NY,03-2025,38.48
New York,NY,04-2022,34.05
New York,NY,04-2023,31.75
New York,NY,04-2024,33.31
New York,NY,04-2025,40.53
New York,NY,05-2022,39.43
New York,NY,05-2023,35.1
New York,NY,05-2024,37.45
New York,NY,05-2025,43.93
New York,NY,06-2022,40.93
New York,NY,06-2023,36.64
New York,NY,06-2024,38.94
New York,NY,06-2025,44.6
New York,NY,07-2022,42.56
New York,NY,07-2023,37.91
New York,NY,07-2024,39.26
New York,NY,07-2025,44.91
New York,NY,08-2022,40.12
New York,NY,08-2023,35.47
New York,NY,08-2024,36.57
New York,NY,08-2025,40.61
New York,NY,09-2022,37.05
New York,NY,09-2023,34.05
New York,NY,09-2024,36.12
New York,NY,09-2025,39.08
New York,NY,10-2022,37.13
New York,NY,10-2023,35.74
New York,NY,10-2024,35.49
New York,NY,10-2025,37.12
New York,NY,11-2022,34.5
New York,NY,11-2023,31.22
New York,NY,11-2024,32.5
New York,NY,11-2025,36.37
New York,NY,12-2022,32.86
New York,NY,12-2023,32.39
New York,NY,12-2024,30.2
New York,NY,12-2025,31.28
North Carolina,NC,01-2022,30.65
North Carolina,NC,01-2023,32.31
North Carolina,NC,01-2024,28.55
North Carolina,NC,01-2025,26.16
North Carolina,NC,02-2022,31.59
North Carolina,NC,02-2023,27.54
North Carolina,NC,02-2024,26.85
North Carolina,NC,02-2025,22.82
North Carolina,NC,03-2022,35.02
North Carolina,NC,03-2023,31.99
North Carolina,NC,03-2024,29.43
North Carolina,NC,03-2025,27.96
North Carolina,NC,04-2022,36.57
North Carolina,NC,04-2023,34.93
North Carolina,NC,04-2024,32.14
North Carolina,NC,04-2025,28.49
North Carolina,NC,05-2022,37.23
North Carolina,NC,05-2023,36.44
North Carolina,NC,05-2024,35.14
North Carolina,NC,05-2025,29.85
North Carolina,NC,06-2022,35.71
North Carolina,NC,06-2023,35.2
North Carolina,NC,06-2024,34.44
North Carolina,NC,06-2025,29.82
North Carolina,NC,07-2022,37.75
North Carolina,NC,07-2023,38.14
North Carolina,NC,07-2024,34.61
North Carolina,NC,07-2025,30.13
North Carolina,NC,08-2022,34.9
North Carolina,NC,08-2023,34.48
North Carolina,NC,08-2024,31.88
North Carolina,NC,08-2025,30.15
North Carolina,NC,09-2022,32.75
North Carolina,NC,09-2023,31.98
North Carolina,NC,09-2024,33.08
North Carolina,NC,09-2025,29.12
North Carolina,NC,10-2022,35.17
North Carolina,NC,10-2023,33.0
North Carolina,NC,10-2024,32.94
North Carolina,NC,10-2025,25.87
North Carolina,NC,11-2022,31.3
North Carolina,NC,11-2023,30.82
North Carolina,NC,11-2024,29.2
North Carolina,NC,11-2025,25.69
North Carolina,NC,12-2022,30.24
North Carolina,NC,12-2023,32.73
North Carolina,NC,12-2024,31.72
North Carolina,NC,12-2025,20.9
North Dakota,ND,01-2022,20.92
North Dakota,ND,01-2023,22.58
North Dakota,ND,01-2024,18.23
North Dakota,ND,01-2025,23.06
North Dakota,ND,02-2022,17.45
North Dakota,ND,02-2023,19.77
North Dakota,ND,02-2024,18.36
North Dakota,ND,02-2025,16.67
North Dakota,ND,03-2022,23.23
North Dakota,ND,03-2023,19.52
North Dakota,ND,03-2024,22.51
North Dakota,ND,03-2025,19.1
North Dakota,ND,04-2022,26.85
North Dakota,ND,04-2023,22.02
North Dakota,ND,04-2024,20.75
North Dakota,ND,04-2025,19.75
North Dakota,ND,05-2022,29.26
North Dakota,ND,05-2023,23.61
North Dakota,ND,05-2024,23.13
North Dakota,ND,05-2025,21.32
North Dakota,ND,06-2022,24.25
North Dakota,ND,06-2023,27.44
North Dakota,ND,06-2024,25.52
North Dakota,ND,06-2025,22.14
North Dakota,ND,07-2022,26.44
North Dakota,ND,07-2023,27.85
North Dakota,ND,07-2024,24.01
North Dakota,ND,07-2025,21.13
North Dakota,ND,08-2022,28.87
North Dakota,ND,08-2023,25.4
North Dakota,ND,08-2024,23.39
North Dakota,ND,08-2025,20.01
North Dakota,ND,09-2022,27.72
North Dakota,ND,09-2023,28.89
North Dakota,ND,09-2024,21.37
North Dakota,ND,09-2025,18.46
North Dakota,ND,10-2022,23.04
North Dakota,ND,10-2023,23.01
North Dakota,ND,10-2024,24.52
North Dakota,ND,10-2025,18.71
North Dakota,ND,11-2022,19.12
North Dakota,ND,11-2023,20.47
North Dakota,ND,11-2024,20.37
North Dakota,ND,11-2025,17.89
North Dakota,ND,12-2022,20.53
North Dakota,ND,12-2023,21.75
North Dakota,ND,12-2024,14.96
North Dakota,ND,12-2025,17.5
Ohio,OH,01-2022,24.31
Ohio,OH,01-2023,25.01
Ohio,OH,01-2024,21.54
Ohio,OH,01-2025,20.55
Ohio,OH,02-2022,20.44
Ohio,OH,02-2023,22.73
Ohio,OH,02-2024,21.84
Ohio,OH,02-2025,18.07
Ohio,OH,03-2022,26.61
Ohio,OH,03-2023,24.03
Ohio,OH,03-2024,24.5
Ohio,OH,03-2025,23.88
Ohio,OH,04-2022,26.05
Ohio,OH,04-2023,27.06
Ohio,OH,04-2024,27.35
Ohio,OH,04-2025,24.68
Ohio,OH,05-2022,30.41
Ohio,OH,05-2023,30.53
Ohio,OH,05-2024,30.25
Ohio,OH,05-2025,26.7
Ohio,OH,06-2022,29.04
Ohio,OH,06-2023,29.14
Ohio,OH,06-2024,27.95
Ohio,OH,06-2025,26.91
Ohio,OH,07-2022,31.66
Ohio,OH,07-2023,29.25
Ohio,OH,07-2024,29.15
Ohio,OH,07-2025,26.34
Ohio,OH,08-2022,28.3
Ohio,OH,08-2023,28.17
Ohio,OH,08-2024,28.97
Ohio,OH,08-2025,26.05
Ohio,OH,09-2022,27.79
Ohio,OH,09-2023,26.53
Ohio,OH,09-2024,27.08
Ohio,OH,09-2025,23.83
Ohio,OH,10-2022,27.08
Ohio,OH,10-2023,26.25
Ohio,OH,10-2024,27.66
Ohio,OH,10-2025,22.82
Ohio,OH,11-2022,24.22
Ohio,OH,11-2023,22.81
Ohio,OH,11-2024,23.96
Ohio,OH,11-2025,17.5
Ohio,OH,12-2022,23.09
Ohio,OH,12-2023,23.99
Ohio,OH,12-2024,23.12
Ohio,OH,12-2025,14.65
Oklahoma,OK,01-2022,35.38
Oklahoma,OK,01-2023,33.96
Oklahoma,OK,01-2024,31.29
Oklahoma,OK,01-2025,29.04
Oklahoma,OK,02-2022,30.36
Oklahoma,OK,02-2023,28.69
Oklahoma,OK,02-2024,31.72
Oklahoma,OK,02-2025,27.58
Oklahoma,OK,03-2022,35.39
Oklahoma,OK,03-2023,33.47
Oklahoma,OK,03-2024,33.86
Oklahoma,OK,03-2025,34.83
Oklahoma,OK,04-2022,35.91
Oklahoma,OK,04-2023,35.81
Oklahoma,OK,04-2024,34.83
Oklahoma,OK,04-2025,35.19
Oklahoma,OK,05-2022,41.04
Oklahoma,OK,05-2023,37.01
Oklahoma,OK,05-2024,41.4
Oklahoma,OK,05-2025,40.33
Oklahoma,OK,06-2022,39.9
Oklahoma,OK,06-2023,38.57
Oklahoma,OK,06-2024,40.51
Oklahoma,OK,06-2025,37.12
Oklahoma,OK,07-2022,39.16
Oklahoma,OK,07-2023,39.31
Oklahoma,OK,07-2024,38.2
Oklahoma,OK,07-2025,37.43
Oklahoma,OK,08-2022,37.81
Oklahoma,OK,08-2023,39.3
Oklahoma,OK,08-2024,36.68
Oklahoma,OK,08-2025,36.14
Oklahoma,OK,09-2022,37.34
Oklahoma,OK,09-2023,37.4
Oklahoma,OK,09-2024,37.16
Oklahoma,OK,09-2025,34.31
Oklahoma,OK,10-2022,36.43
Oklahoma,OK,10-2023,35.41
Oklahoma,OK,10-2024,37.64
Oklahoma,OK,10-2025,34.32
Oklahoma,OK,11-2022,28.95
Oklahoma,OK,11-2023,32.17
Oklahoma,OK,11-2024,32.93
Oklahoma,OK,11-2025,32.09
Oklahoma,OK,12-2022,31.27
Oklahoma,OK,12-2023,31.92
Oklahoma,OK,12-2024,32.32
Oklahoma,OK,12-2025,30.79
Oregon,OR,01-2022,29.21
Oregon,OR,01-2023,27.81
Oregon,OR,01-2024,26.01
Oregon,OR,01-2025,24.53
Oregon,OR,02-2022,26.17
Oregon,OR,02-2023,26.31
Oregon,OR,02-2024,25.48
Oregon,OR,02-2025,22.91
Oregon,OR,03-2022,32.22
Oregon,OR,03-2023,27.93
Oregon,OR,03-2024,27.35
Oregon,OR,03-2025,25.93
Oregon,OR,04-2022,28.56
Oregon,OR,04-2023,27.29
Oregon,OR,04-2024,27.32
Oregon,OR,04-2025,24.87
Oregon,OR,05-2022,32.22
Oregon,OR,05-2023,31.25
Oregon,OR,05-2024,29.9
Oregon,OR,05-2025,26.54
Oregon,OR,06-2022,29.52
Oregon,OR,06-2023,29.4
Oregon,OR,06-2024,30.65
Oregon,OR,06-2025,27.82
Oregon,OR,07-2022,31.87
Oregon,OR,07-2023,31.16
Oregon,OR,07-2024,32.3
Oregon,OR,07-2025,29.56
Oregon,OR,08-2022,32.5
Oregon,OR,08-2023,29.72
Oregon,OR,08-2024,28.92
Oregon,OR,08-2025,29.21
Oregon,OR,09-2022,31.37
Oregon,OR,09-2023,28.59
Oregon,OR,09-2024,31.39
Oregon,OR,09-2025,27.84
Oregon,OR,10-2022,29.26
Oregon,OR,10-2023,29.29
Oregon,OR,10-2024,28.8
Oregon,OR,10-2025,26.6
Oregon,OR,11-2022,24.79
Oregon,OR,11-2023,25.2
Oregon,OR,11-2024,25.22
Oregon,OR,11-2025,25.17
Oregon,OR,12-2022,27.22
Oregon,OR,12-2023,25.34
Oregon,OR,12-2024,27.64
Oregon,OR,12-2025,23.51
Pennsylvania,PA,01-2022,30.16
Pennsylvania,PA,01-2023,26.68
Pennsylvania,PA,01-2024,19.72
Pennsylvania,PA,01-2025,17.45
Pennsylvania,PA,02-2022,27.16
Pennsylvania,PA,02-2023,22.28
Pennsylvania,PA,02-2024,18.62
Pennsylvania,PA,02-2025,16.46
Pennsylvania,PA,03-2022,23.09
Pennsylvania,PA,03-2023,21.32
Pennsylvania,PA,03-2024,19.88
Pennsylvania,PA,03-2025,18.09
Pennsylvania,PA,04-2022,24.09
Pennsylvania,PA,04-2023,22.61
Pennsylvania,PA,04-2024,20.99
Pennsylvania,PA,04-2025,20.02
Pennsylvania,PA,05-2022,26.07
Pennsylvania,PA,05-2023,24.78
Pennsylvania,PA,05-2024,23.44
Pennsylvania,PA,05-2025,20.23
Pennsylvania,PA,06-2022,25.97
Pennsylvania,PA,06-2023,23.34
Pennsylvania,PA,06-2024,22.12
Pennsylvania,PA,06-2025,19.8
Pennsylvania,PA,07-2022,26.13
Pennsylvania,PA,07-2023,25.09
Pennsylvania,PA,07-2024,22.09
Pennsylvania,PA,07-2025,21.21
Pennsylvania,PA,08-2022,27.39
Pennsylvania,PA,08-2023,23.1
Pennsylvania,PA,08-2024,22.16
Pennsylvania,PA,08-2025,19.84
Pennsylvania,PA,09-2022,28.89
Pennsylvania,PA,09-2023,23.64
Pennsylvania,PA,09-2024,21.83
Pennsylvania,PA,09-2025,20.27
Pennsylvania,PA,10-2022,28.72
Pennsylvania,PA,10-2023,23.95
Pennsylvania,PA,10-2024,21.56
Pennsylvania,PA,10-2025,19.73
Pennsylvania,PA,11-2022,26.79
Pennsylvania,PA,11-2023,21.01
Pennsylvania,PA,11-2024,20.37
Pennsylvania,PA,11-2025,18.26
Pennsylvania,PA,12-2022,24.52
Pennsylvania,PA,12-2023,20.19
Pennsylvania,PA,12-2024,18.1
Pennsylvania,PA,12-2025,16.14
Rhode Island,RI,01-2022,13.81
Rhode Island,RI,01-2023,12.68
Rhode Island,RI,01-2024,11.25
Rhode Island,RI,01-2025,12.96
Rhode Island,RI,02-2022,13.81
Rhode Island,RI,02-2023,10.22
Rhode Island,RI,02-2024,11.16
Rhode Island,RI,02-2025,9.54
Rhode Island,RI,03-2022,15.54
Rhode Island,RI,03-2023,15.79
Rhode Island,RI,03-2024,12.87
Rhode Island,RI,03-2025,11.47
Rhode Island,RI,04-2022,13.81
Rhode Island,RI,04-2023,16.61
Rhode Island,RI,04-2024,11.61
Rhode Island,RI,04-2025,13.92
Rhode Island,RI,05-2022,16.91
Rhode Island,RI,05-2023,15.33
Rhode Island,RI,05-2024,15.48
Rhode Island,RI,05-2025,12.04
Rhode Island,RI,06-2022,14.17
Rhode Island,RI,06-2023,11.95
Rhode Island,RI,06-2024,12.87
Rhode Island,RI,06-2025,13.07
Rhode Island,RI,07-2022,15.73
Rhode Island,RI,07-2023,15.97
Rhode Island,RI,07-2024,12.51
Rhode Island,RI,07-2025,14.2
Rhode Island,RI,08-2022,14.63
Rhode Island,RI,08-2023,15.15
Rhode Island,RI,08-2024,14.58
Rhode Island,RI,08-2025,13.45
Rhode Island,RI,09-2022,14.54
Rhode Island,RI,09-2023,15.33
Rhode Island,RI,09-2024,13.05
Rhode Island,RI,09-2025,12.04
Rhode Island,RI,10-2022,14.99
Rhode Island,RI,10-2023,15.24
Rhode Island,RI,10-2024,14.76
Rhode Island,RI,10-2025,13.14
Rhode Island,RI,11-2022,13.07
Rhode Island,RI,11-2023,12.5
Rhode Island,RI,11-2024,14.4
Rhode Island,RI,11-2025,11.32
Rhode Island,RI,12-2022,13.07
Rhode Island,RI,12-2023,12.14
Rhode Island,RI,12-2024,10.26
Rhode Island,RI,12-2025,9.36
South Carolina,SC,01-2022,38.87
South Carolina,SC,01-2023,38.81
South Carolina,SC,01-2024,31.81
South Carolina,SC,01-2025,31.47
South Carolina,SC,02-2022,35.43
South Carolina,SC,02-2023,37.78
South Carolina,SC,02-2024,32.41
South Carolina,SC,02-2025,28.61
South Carolina,SC,03-2022,40.79
South Carolina,SC,03-2023,36.21
South Carolina,SC,03-2024,33.84
South Carolina,SC,03-2025,35.29
South Carolina,SC,04-2022,43.69
South Carolina,SC,04-2023,40.02
South Carolina,SC,04-2024,38.14
South Carolina,SC,04-2025,36.63
South Carolina,SC,05-2022,50.01
South Carolina,SC,05-2023,44.66
South Carolina,SC,05-2024,41.97
South Carolina,SC,05-2025,36.0
South Carolina,SC,06-2022,43.79
South Carolina,SC,06-2023,39.92
South Carolina,SC,06-2024,38.93
South Carolina,SC,06-2025,34.28
South Carolina,SC,07-2022,42.95
South Carolina,SC,07-2023,41.77
South Carolina,SC,07-2024,39.91
South Carolina,SC,07-2025,35.17
South Carolina,SC,08-2022,41.09
South Carolina,SC,08-2023,42.81
South Carolina,SC,08-2024,36.82
South Carolina,SC,08-2025,32.28
South Carolina,SC,09-2022,41.49
South Carolina,SC,09-2023,41.56
South Carolina,SC,09-2024,39.74
South Carolina,SC,09-2025,31.16
South Carolina,SC,10-2022,42.71
South Carolina,SC,10-2023,39.4
South Carolina,SC,10-2024,36.76
South Carolina,SC,10-2025,29.72
South Carolina,SC,11-2022,38.42
South Carolina,SC,11-2023,38.23
South Carolina,SC,11-2024,35.96
South Carolina,SC,11-2025,29.91
South Carolina,SC,12-2022,40.58
South Carolina,SC,12-2023,36.87
South Carolina,SC,12-2024,33.91
South Carolina,SC,12-2025,27.77
South Dakota,SD,01-2022,33.29
South Dakota,SD,01-2023,30.82
South Dakota,SD,01-2024,28.14
South Dakota,SD,01-2025,28.51
South Dakota,SD,02-2022,30.64
South Dakota,SD,02-2023,25.93
South Dakota,SD,02-2024,31.39
South Dakota,SD,02-2025,23.57
South Dakota,SD,03-2022,34.08
South Dakota,SD,03-2023,34.61
South Dakota,SD,03-2024,27.38
South Dakota,SD,03-2025,30.07
South Dakota,SD,04-2022,32.24
South Dakota,SD,04-2023,27.82
South Dakota,SD,04-2024,30.13
South Dakota,SD,04-2025,25.95
South Dakota,SD,05-2022,37.01
South Dakota,SD,05-2023,36.13
South Dakota,SD,05-2024,31.69
South Dakota,SD,05-2025,30.04
South Dakota,SD,06-2022,38.86
South Dakota,SD,06-2023,35.11
South Dakota,SD,06-2024,34.58
South Dakota,SD,06-2025,31.62
South Dakota,SD,07-2022,39.46
South Dakota,SD,07-2023,30.28
South Dakota,SD,07-2024,34.95
South Dakota,SD,07-2025,32.55
South Dakota,SD,08-2022,39.4
South Dakota,SD,08-2023,31.93
South Dakota,SD,08-2024,29.42
South Dakota,SD,08-2025,32.22
South Dakota,SD,09-2022,30.33
South Dakota,SD,09-2023,32.62
South Dakota,SD,09-2024,30.74
South Dakota,SD,09-2025,25.63
South Dakota,SD,10-2022,31.66
South Dakota,SD,10-2023,33.38
South Dakota,SD,10-2024,28.37
South Dakota,SD,10-2025,24.9
South Dakota,SD,11-2022,33.67
South Dakota,SD,11-2023,26.91
South Dakota,SD,11-2024,26.35
South Dakota,SD,11-2025,24.05
South Dakota,SD,12-2022,24.33
South Dakota,SD,12-2023,31.11
South Dakota,SD,12-2024,23.64
South Dakota,SD,12-2025,21.62
Tennessee,TN,01-2022,49.71
Tennessee,TN,01-2023,51.77
Tennessee,TN,01-2024,40.36
Tennessee,TN,01-2025,42.52
Tennessee,TN,02-2022,46.03
Tennessee,TN,02-2023,45.41
Tennessee,TN,02-2024,42.93
Tennessee,TN,02-2025,36.58
Tennessee,TN,03-2022,51.4
Tennessee,TN,03-2023,51.61
Tennessee,TN,03-2024,49.37
Tennessee,TN,03-2025,44.19
Tennessee,TN,04-2022,54.96
Tennessee,TN,04-2023,55.31
Tennessee,TN,04-2024,52.56
Tennessee,TN,04-2025,47.34
Tennessee,TN,05-2022,59.18
Tennessee,TN,05-2023,63.17
Tennessee,TN,05-2024,58.72
Tennessee,TN,05-2025,47.81
Tennessee,TN,06-2022,57.48
Tennessee,TN,06-2023,59.44
Tennessee,TN,06-2024,58.46
Tennessee,TN,06-2025,47.34
Tennessee,TN,07-2022,56.26
Tennessee,TN,07-2023,58.58
Tennessee,TN,07-2024,55.0
Tennessee,TN,07-2025,47.56
Tennessee,TN,08-2022,56.32
Tennessee,TN,08-2023,52.82
Tennessee,TN,08-2024,52.01
Tennessee,TN,08-2025,43.57
Tennessee,TN,09-2022,52.93
Tennessee,TN,09-2023,55.75
Tennessee,TN,09-2024,52.51
Tennessee,TN,09-2025,39.61
Tennessee,TN,10-2022,54.45
Tennessee,TN,10-2023,53.77
Tennessee,TN,10-2024,51.68
Tennessee,TN,10-2025,35.39
Tennessee,TN,11-2022,48.16
Tennessee,TN,11-2023,47.22
Tennessee,TN,11-2024,43.88
Tennessee,TN,11-2025,33.57
Tennessee,TN,12-2022,52.02
Tennessee,TN,12-2023,51.1
Tennessee,TN,12-2024,44.46
Tennessee,TN,12-2025,33.35
Texas,TX,01-2022,36.19
Texas,TX,01-2023,35.19
Texas,TX,01-2024,30.59
Texas,TX,01-2025,28.22
Texas,TX,02-2022,32.17
Texas,TX,02-2023,30.95
Texas,TX,02-2024,29.0
Texas,TX,02-2025,25.79
Texas,TX,03-2022,37.45
Texas,TX,03-2023,36.14
Texas,TX,03-2024,33.32
Texas,TX,03-2025,30.55
Texas,TX,04-2022,38.75
Texas,TX,04-2023,35.59
Texas,TX,04-2024,34.74
Texas,TX,04-2025,31.15
Texas,TX,05-2022,42.24
Texas,TX,05-2023,36.54
Texas,TX,05-2024,37.15
Texas,TX,05-2025,32.12
Texas,TX,06-2022,38.48
Texas,TX,06-2023,35.51
Texas,TX,06-2024,35.91
Texas,TX,06-2025,29.93
Texas,TX,07-2022,39.63
Texas,TX,07-2023,36.73
Texas,TX,07-2024,34.36
Texas,TX,07-2025,30.57
Texas,TX,08-2022,37.43
Texas,TX,08-2023,35.16
Texas,TX,08-2024,34.06
Texas,TX,08-2025,30.31
Texas,TX,09-2022,36.29
Texas,TX,09-2023,34.52
Texas,TX,09-2024,32.58
Texas,TX,09-2025,28.8
Texas,TX,10-2022,36.56
Texas,TX,10-2023,34.37
Texas,TX,10-2024,34.24
Texas,TX,10-2025,28.3
Texas,TX,11-2022,32.36
Texas,TX,11-2023,31.52
Texas,TX,11-2024,30.48
Texas,TX,11-2025,25.77
Texas,TX,12-2022,34.45
Texas,TX,12-2023,33.67
Texas,TX,12-2024,30.71
Texas,TX,12-2025,25.01
Utah,UT,01-2022,16.98
Utah,UT,01-2023,17.72
Utah,UT,01-2024,17.4
Utah,UT,01-2025,16.56
Utah,UT,02-2022,19.39
Utah,UT,02-2023,17.16
Utah,UT,02-2024,16.84
Utah,UT,02-2025,14.67
Utah,UT,03-2022,20.9
Utah,UT,03-2023,18.54
Utah,UT,03-2024,20.05
Utah,UT,03-2025,20.12
Utah,UT,04-2022,19.62
Utah,UT,04-2023,19.24
Utah,UT,04-2024,17.93
Utah,UT,04-2025,18.02
Utah,UT,05-2022,22.26
Utah,UT,05-2023,22.59
Utah,UT,05-2024,22.57
Utah,UT,05-2025,20.62
Utah,UT,06-2022,18.89
Utah,UT,06-2023,19.87
Utah,UT,06-2024,21.27
Utah,UT,06-2025,20.35
Utah,UT,07-2022,22.46
Utah,UT,07-2023,22.38
Utah,UT,07-2024,21.77
Utah,UT,07-2025,21.14
Utah,UT,08-2022,23.04
Utah,UT,08-2023,21.45
Utah,UT,08-2024,21.42
Utah,UT,08-2025,20.87
Utah,UT,09-2022,22.32
Utah,UT,09-2023,20.45
Utah,UT,09-2024,23.3
Utah,UT,09-2025,19.21
Utah,UT,10-2022,21.86
Utah,UT,10-2023,21.19
Utah,UT,10-2024,19.83
Utah,UT,10-2025,18.2
Utah,UT,11-2022,18.17
Utah,UT,11-2023,16.93
Utah,UT,11-2024,17.54
Utah,UT,11-2025,18.21
Utah,UT,12-2022,19.15
Utah,UT,12-2023,18.29
Utah,UT,12-2024,18.84
Utah,UT,12-2025,15.97
Vermont,VT,01-2022,18.39
Vermont,VT,01-2023,16.18
Vermont,VT,01-2024,14.8
Vermont,VT,01-2025,15.57
Vermont,VT,02-2022,16.42
Vermont,VT,02-2023,16.34
Vermont,VT,02-2024,15.27
Vermont,VT,02-2025,13.42
Vermont,VT,03-2022,18.24
Vermont,VT,03-2023,18.07
Vermont,VT,03-2024,20.2
Vermont,VT,03-2025,18.93
Vermont,VT,04-2022,19.64
Vermont,VT,04-2023,17.45
Vermont,VT,04-2024,14.8
Vermont,VT,04-2025,19.74
Vermont,VT,05-2022,21.77
Vermont,VT,05-2023,20.7
Vermont,VT,05-2024,20.51
Vermont,VT,05-2025,18.2
Vermont,VT,06-2022,18.9
Vermont,VT,06-2023,17.3
Vermont,VT,06-2024,24.36
Vermont,VT,06-2025,18.5
Vermont,VT,07-2022,18.24
Vermont,VT,07-2023,20.39
Vermont,VT,07-2024,21.28
Vermont,VT,07-2025,23.28
Vermont,VT,08-2022,19.78
Vermont,VT,08-2023,19.46
Vermont,VT,08-2024,20.97
Vermont,VT,08-2025,20.85
Vermont,VT,09-2022,19.97
Vermont,VT,09-2023,20.85
Vermont,VT,09-2024,21.43
Vermont,VT,09-2025,19.05
Vermont,VT,10-2022,19.47
Vermont,VT,10-2023,17.61
Vermont,VT,10-2024,17.12
Vermont,VT,10-2025,15.95
Vermont,VT,11-2022,17.15
Vermont,VT,11-2023,16.68
Vermont,VT,11-2024,18.5
Vermont,VT,11-2025,15.71
Vermont,VT,12-2022,16.38
Vermont,VT,12-2023,14.98
Vermont,VT,12-2024,16.04
Vermont,VT,12-2025,12.18
Virginia,VA,01-2022,17.83
Virginia,VA,01-2023,19.62
Virginia,VA,01-2024,17.93
Virginia,VA,01-2025,16.23
Virginia,VA,02-2022,16.95
Virginia,VA,02-2023,18.14
Virginia,VA,02-2024,15.95
Virginia,VA,02-2025,15.57
Virginia,VA,03-2022,19.46
Virginia,VA,03-2023,20.21
Virginia,VA,03-2024,17.07
Virginia,VA,03-2025,17.78
Virginia,VA,04-2022,20.37
Virginia,VA,04-2023,21.36
Virginia,VA,04-2024,19.17
Virginia,VA,04-2025,17.3
Virginia,VA,05-2022,21.99
Virginia,VA,05-2023,22.15
Virginia,VA,05-2024,20.47
Virginia,VA,05-2025,19.36
Virginia,VA,06-2022,21.13
Virginia,VA,06-2023,20.83
Virginia,VA,06-2024,20.89
Virginia,VA,06-2025,18.08
Virginia,VA,07-2022,21.98
Virginia,VA,07-2023,22.15
Virginia,VA,07-2024,19.58
Virginia,VA,07-2025,19.89
Virginia,VA,08-2022,21.26
Virginia,VA,08-2023,20.33
Virginia,VA,08-2024,18.42
Virginia,VA,08-2025,19.19
Virginia,VA,09-2022,20.82
Virginia,VA,09-2023,19.88
Virginia,VA,09-2024,19.01
Virginia,VA,09-2025,17.68
Virginia,VA,10-2022,20.41
Virginia,VA,10-2023,20.48
Virginia,VA,10-2024,19.42
Virginia,VA,10-2025,16.87
Virginia,VA,11-2022,18.65
Virginia,VA,11-2023,18.49
Virginia,VA,11-2024,18.77
Virginia,VA,11-2025,14.88
Virginia,VA,12-2022,18.78
Virginia,VA,12-2023,19.44
Virginia,VA,12-2024,16.29
Virginia,VA,12-2025,11.79
Washington,WA,01-2022,33.0
Washington,WA,01-2023,29.93
Washington,WA,01-2024,26.21
Washington,WA,01-2025,21.92
Washington,WA,02-2022,30.68
Washington,WA,02-2023,25.61
Washington,WA,02-2024,24.71
Washington,WA,02-2025,20.95
Washington,WA,03-2022,34.68
Washington,WA,03-2023,28.5
Washington,WA,03-2024,26.74
Washington,WA,03-2025,24.17
Washington,WA,04-2022,30.24
Washington,WA,04-2023,28.45
Washington,WA,04-2024,27.35
Washington,WA,04-2025,23.6
Washington,WA,05-2022,32.86
Washington,WA,05-2023,33.83
Washington,WA,05-2024,27.96
Washington,WA,05-2025,27.17
Washington,WA,06-2022,32.3
Washington,WA,06-2023,31.42
Washington,WA,06-2024,28.75
Washington,WA,06-2025,26.26
Washington,WA,07-2022,36.07
Washington,WA,07-2023,34.0
Washington,WA,07-2024,31.49
Washington,WA,07-2025,26.54
Washington,WA,08-2022,32.9
Washington,WA,08-2023,32.5
Washington,WA,08-2024,30.47
Washington,WA,08-2025,26.79
Washington,WA,09-2022,30.97
Washington,WA,09-2023,31.45
Washington,WA,09-2024,29.24
Washington,WA,09-2025,24.29
Washington,WA,10-2022,32.99
Washington,WA,10-2023,32.54
Washington,WA,10-2024,28.27
Washington,WA,10-2025,22.89
Washington,WA,11-2022,28.02
Washington,WA,11-2023,28.51
Washington,WA,11-2024,25.56
Washington,WA,11-2025,21.77
Washington,WA,12-2022,27.59
Washington,WA,12-2023,27.42
Washington,WA,12-2024,24.19
Washington,WA,12-2025,19.35
West Virginia,WV,01-2022,24.6
West Virginia,WV,01-2023,22.19
West Virginia,WV,01-2024,19.47
West Virginia,WV,01-2025,17.99
West Virginia,WV,02-2022,20.31
West Virginia,WV,02-2023,22.3
West Virginia,WV,02-2024,19.93
West Virginia,WV,02-2025,19.81
West Virginia,WV,03-2022,28.14
West Virginia,WV,03-2023,23.96
West Virginia,WV,03-2024,22.63
West Virginia,WV,03-2025,23.76
West Virginia,WV,04-2022,27.27
West Virginia,WV,04-2023,25.0
West Virginia,WV,04-2024,24.23
West Virginia,WV,04-2025,19.73
West Virginia,WV,05-2022,25.6
West Virginia,WV,05-2023,23.96
West Virginia,WV,05-2024,23.96
West Virginia,WV,05-2025,24.83
West Virginia,WV,06-2022,25.58
West Virginia,WV,06-2023,27.07
West Virginia,WV,06-2024,21.81
West Virginia,WV,06-2025,23.0
West Virginia,WV,07-2022,27.11
West Virginia,WV,07-2023,24.16
West Virginia,WV,07-2024,22.52
West Virginia,WV,07-2025,24.98
West Virginia,WV,08-2022,25.48
West Virginia,WV,08-2023,25.41
West Virginia,WV,08-2024,25.13
West Virginia,WV,08-2025,24.8
West Virginia,WV,09-2022,25.2
West Virginia,WV,09-2023,24.99
West Virginia,WV,09-2024,23.82
West Virginia,WV,09-2025,21.87
West Virginia,WV,10-2022,24.95
West Virginia,WV,10-2023,25.76
West Virginia,WV,10-2024,19.44
West Virginia,WV,10-2025,22.69
West Virginia,WV,11-2022,23.62
West Virginia,WV,11-2023,18.46
West Virginia,WV,11-2024,19.78
West Virginia,WV,11-2025,16.37
West Virginia,WV,12-2022,19.51
West Virginia,WV,12-2023,19.37
West Virginia,WV,12-2024,19.16
West Virginia,WV,12-2025,15.84
Wisconsin,WI,01-2022,23.86
Wisconsin,WI,01-2023,24.49
Wisconsin,WI,01-2024,21.89
Wisconsin,WI,01-2025,20.41
Wisconsin,WI,02-2022,20.65
Wisconsin,WI,02-2023,21.71
Wisconsin,WI,02-2024,21.82
Wisconsin,WI,02-2025,16.12
Wisconsin,WI,03-2022,26.25
Wisconsin,WI,03-2023,24.62
Wisconsin,WI,03-2024,21.68
Wisconsin,WI,03-2025,20.77
Wisconsin,WI,04-2022,25.66
Wisconsin,WI,04-2023,25.77
Wisconsin,WI,04-2024,23.15
Wisconsin,WI,04-2025,21.27
Wisconsin,WI,05-2022,28.16
Wisconsin,WI,05-2023,26.82
Wisconsin,WI,05-2024,27.33
Wisconsin,WI,05-2025,21.99
Wisconsin,WI,06-2022,27.61
Wisconsin,WI,06-2023,26.78
Wisconsin,WI,06-2024,26.53
Wisconsin,WI,06-2025,23.31
Wisconsin,WI,07-2022,29.84
Wisconsin,WI,07-2023,28.44
Wisconsin,WI,07-2024,29.13
Wisconsin,WI,07-2025,23.05
Wisconsin,WI,08-2022,26.82
Wisconsin,WI,08-2023,28.45
Wisconsin,WI,08-2024,27.18
Wisconsin,WI,08-2025,20.88
Wisconsin,WI,09-2022,25.56
Wisconsin,WI,09-2023,27.6
Wisconsin,WI,09-2024,25.27
Wisconsin,WI,09-2025,20.39
Wisconsin,WI,10-2022,28.42
Wisconsin,WI,10-2023,25.07
Wisconsin,WI,10-2024,23.31
Wisconsin,WI,10-2025,22.14
Wisconsin,WI,11-2022,24.53
Wisconsin,WI,11-2023,21.33
Wisconsin,WI,11-2024,19.73
Wisconsin,WI,11-2025,18.34
Wisconsin,WI,12-2022,21.34
Wisconsin,WI,12-2023,23.09
Wisconsin,WI,12-2024,20.62
Wisconsin,WI,12-2025,7.68
Wyoming,WY,01-2022,19.83
Wyoming,WY,01-2023,14.75
Wyoming,WY,01-2024,15.76
Wyoming,WY,01-2025,12.35
Wyoming,WY,02-2022,13.88
Wyoming,WY,02-2023,11.27
Wyoming,WY,02-2024,16.41
Wyoming,WY,02-2025,15.24
Wyoming,WY,03-2022,34.37
Wyoming,WY,03-2023,17.86
Wyoming,WY,03-2024,17.35
Wyoming,WY,03-2025,12.83
Wyoming,WY,04-2022,17.18
Wyoming,WY,04-2023,19.22
Wyoming,WY,04-2024,15.65
Wyoming,WY,04-2025,15.24
Wyoming,WY,05-2022,16.84
Wyoming,WY,05-2023,18.05
Wyoming,WY,05-2024,20.74
Wyoming,WY,05-2025,18.4
Wyoming,WY,06-2022,17.51
Wyoming,WY,06-2023,18.64
Wyoming,WY,06-2024,22.82
Wyoming,WY,06-2025,18.03
Wyoming,WY,07-2022,18.4
Wyoming,WY,07-2023,18.25
Wyoming,WY,07-2024,21.69
Wyoming,WY,07-2025,18.19
Wyoming,WY,08-2022,18.17
Wyoming,WY,08-2023,19.02
Wyoming,WY,08-2024,16.78
Wyoming,WY,08-2025,13.92
Wyoming,WY,09-2022,17.51
Wyoming,WY,09-2023,16.89
Wyoming,WY,09-2024,12.26
Wyoming,WY,09-2025,17.26
Wyoming,WY,10-2022,16.62
Wyoming,WY,10-2023,19.02
Wyoming,WY,10-2024,20.29
Wyoming,WY,10-2025,15.27
Wyoming,WY,11-2022,13.52
Wyoming,WY,11-2023,13.98
Wyoming,WY,11-2024,17.42
Wyoming,WY,11-2025,16.43
Wyoming,WY,12-2022,18.17
Wyoming,WY,12-2023,17.28
Wyoming,WY,12-2024,14.93
Wyoming,WY,12-2025,9.75
District of Columbia,DC,01-2022,78.74
District of Columbia,DC,01-2023,77.32
District of Columbia,DC,01-2024,83.16
District of Columbia,DC,01-2025,68.49
District of Columbia,DC,02-2022,67.88
District of Columbia,DC,02-2023,74.82
District of Columbia,DC,02-2024,73.34
District of Columbia,DC,02-2025,55.68
District of Columbia,DC,03-2022,62.82
District of Columbia,DC,03-2023,84.1
District of Columbia,DC,03-2024,73.76
District of Columbia,DC,03-2025,68.78
District of Columbia,DC,04-2022,66.09
District of Columbia,DC,04-2023,92.05
District of Columbia,DC,04-2024,81.59
District of Columbia,DC,04-2025,64.65
District of Columbia,DC,05-2022,69.22
District of Columbia,DC,05-2023,90.73
District of Columbia,DC,05-2024,97.69
District of Columbia,DC,05-2025,82.73
District of Columbia,DC,06-2022,62.37
District of Columbia,DC,06-2023,115.76
District of Columbia,DC,06-2024,105.23
District of Columbia,DC,06-2025,73.19
District of Columbia,DC,07-2022,67.13
District of Columbia,DC,07-2023,131.23
District of Columbia,DC,07-2024,94.7
District of Columbia,DC,07-2025,72.62
District of Columbia,DC,08-2022,74.58
District of Columbia,DC,08-2023,107.07
District of Columbia,DC,08-2024,86.86
District of Columbia,DC,08-2025,61.66
District of Columbia,DC,09-2022,69.96
District of Columbia,DC,09-2023,92.05
District of Columbia,DC,09-2024,84.87
District of Columbia,DC,09-2025,62.66
District of Columbia,DC,10-2022,70.11
District of Columbia,DC,10-2023,110.31
District of Columbia,DC,10-2024,88.0
District of Columbia,DC,10-2025,65.08
District of Columbia,DC,11-2022,70.41
District of Columbia,DC,11-2023,101.62
District of Columbia,DC,11-2024,75.61
District of Columbia,DC,11-2025,64.79
District of Columbia,DC,12-2022,58.35
District of Columbia,DC,12-2023,79.53
District of Columbia,DC,12-2024,68.78
District of Columbia,DC,12-2025,47.7
